,sh600000,sh600009,sh600016
1970-01-01 00:00:00.000000001,0.008253094910591452,0.006534569983136729,0.0032679738562091387
1970-01-01 00:00:00.000000002,-0.008185538881309795,0.0033507853403140775,-0.0032573289902279035
1970-01-01 00:00:00.000000003,0.016506189821182904,0.02024629513671483,0.009803921568627416
1970-01-01 00:00:00.000000004,0.0013531799729364913,0.0,0.003236245954692629
1970-01-01 00:00:00.000000005,0.0013513513513512265,-0.007569558101473084,0.006451612903225712
1970-01-01 00:00:00.000000006,-0.005398110661268607,0.0026798598227171233,-0.0064102564102563875
1970-01-01 00:00:00.000000007,0.004070556309362372,-0.009251644736842146,0.009677419354838568
1970-01-01 00:00:00.000000008,-0.014864864864864935,-0.011205644324548625,-0.019169329073482455
1970-01-01 00:00:00.000000009,-0.002743484224965731,-0.008814270724029405,0.0
1970-01-01 00:00:00.000000010,0.00687757909215958,0.02201990260427711,0.009771986970684043
1970-01-01 00:00:00.000000011,0.001366120218579292,0.00621504039776255,0.0
1970-01-01 00:00:00.000000012,0.01909959072305578,0.02779493514515141,0.006451612903225712
1970-01-01 00:00:00.000000013,-0.0053547523427041055,0.03605769230769229,-0.0064102564102563875
1970-01-01 00:00:00.000000014,-0.008075370121130465,-0.010634184068058716,0.0
1970-01-01 00:00:00.000000015,-0.014925373134328401,-0.006449091264412732,-0.016129032258064613
1970-01-01 00:00:00.000000016,0.0013774104683195176,-0.02261998426435885,0.003278688524590345
1970-01-01 00:00:00.000000017,-0.01375515818431905,-0.020527269068222886,-0.009803921568627527
1970-01-01 00:00:00.000000018,-0.004184100418410108,0.01438257653585362,0.0
1970-01-01 00:00:00.000000019,0.0126050420168069,0.03382621024913912,0.00990099009900991
1970-01-01 00:00:00.000000020,0.015214384508990264,0.037617554858934144,0.019607843137254832
1970-01-01 00:00:00.000000021,-0.0013623978201634523,0.02832326283987907,-0.0032051282051283048
1970-01-01 00:00:00.000000022,0.005457025920873049,0.03764230627983833,0.003215434083601254
1970-01-01 00:00:00.000000023,0.006784260515603879,-0.006901433374624011,0.0032051282051281937
1970-01-01 00:00:00.000000024,-0.016172506738544534,0.0008909479686387556,-0.009584664536741117
1970-01-01 00:00:00.000000025,-0.005479452054794498,-0.032223606907601954,-0.006451612903225823
1970-01-01 00:00:00.000000026,0.004132231404958775,0.009381898454746018,0.0032467532467532756
1970-01-01 00:00:00.000000027,-0.004115226337448541,-0.016402405686167243,-0.003236245954692518
1970-01-01 00:00:00.000000028,0.01377410468319562,0.03057254030016665,0.006493506493506551
1970-01-01 00:00:00.000000029,-0.00815217391304357,-0.0035958288385472548,0.0
1970-01-01 00:00:00.000000030,-0.002739726027397249,-0.020750631540959907,0.0
1970-01-01 00:00:00.000000031,-0.004120879120879106,-0.02174313617099688,0.0
1970-01-01 00:00:00.000000032,-0.012413793103448256,-0.027688830288190025,-0.012903225806451646
1970-01-01 00:00:00.000000033,-0.0013966480446927498,0.0034870205346764216,0.0
1970-01-01 00:00:00.000000034,-0.004195804195804231,-0.01177606177606172,0.0
1970-01-01 00:00:00.000000035,0.00561797752808979,0.03457706583317055,0.0
1970-01-01 00:00:00.000000036,-0.0013966480446927498,-0.0026435045317220185,0.0
1970-01-01 00:00:00.000000037,0.00419580419580412,0.045815978795910706,0.0
1970-01-01 00:00:00.000000038,-0.0069637883008356605,-0.018464880521361415,0.0
1970-01-01 00:00:00.000000039,-0.014025245441795176,-0.07985983032091482,-0.006535947712418277
1970-01-01 00:00:00.000000040,-0.024182076813655695,-0.020444978953698234,-0.009868421052631637
1970-01-01 00:00:00.000000041,-0.023323615160349864,0.008594229588704705,-0.019933554817275656
1970-01-01 00:00:00.000000042,0.0029850746268655914,0.02089673361736666,-0.003389830508474634
1970-01-01 00:00:00.000000043,0.011904761904761862,-0.003577106518283024,0.003401360544217802
1970-01-01 00:00:00.000000044,-0.013235294117647012,-0.08296769046669328,-0.01016949152542379
1970-01-01 00:00:00.000000045,-0.03576751117734722,-0.027838190517616268,-0.044520547945205435
1970-01-01 00:00:00.000000046,0.018547140649149974,0.09149888143176721,0.017921146953404854
1970-01-01 00:00:00.000000047,-0.0030349013657055,0.03648288583726167,0.010563380281690238
1970-01-01 00:00:00.000000048,0.019786910197869156,0.018785841407949366,0.017421602787456303
1970-01-01 00:00:00.000000049,-0.016417910447761197,-0.0017468944099379158,-0.013698630136986356
1970-01-01 00:00:00.000000050,0.007587253414264028,-0.01613844059887226,0.01388888888888884
1970-01-01 00:00:00.000000051,-0.0030120481927710108,-0.008695652173913104,0.0034246575342467
1970-01-01 00:00:00.000000052,0.0,-0.015151515151515138,0.006825938566553003
1970-01-01 00:00:00.000000053,0.0,-0.03582995951417001,0.010169491525423568
1970-01-01 00:00:00.000000054,0.007552870090634434,-0.0031492756665968402,0.01342281879194629
1970-01-01 00:00:00.000000055,-0.004497751124437843,0.009056444818871023,0.0033112582781456013
1970-01-01 00:00:00.000000056,0.012048192771084265,0.031308703819661776,-0.013201320132013028
1970-01-01 00:00:00.000000057,0.01041666666666674,-0.0263104634689334,0.0
1970-01-01 00:00:00.000000058,0.008836524300441795,0.03013926418623991,0.010033444816053505
1970-01-01 00:00:00.000000059,0.01167883211678844,0.009079903147699575,0.013245033112582849
1970-01-01 00:00:00.000000060,-0.011544011544011523,-0.013997200559887957,-0.013071895424836666
1970-01-01 00:00:00.000000061,0.004379562043795637,-0.04846887041168124,0.0
1970-01-01 00:00:00.000000062,-0.011627906976744207,0.09207161125319696,-0.019867549668874163
1970-01-01 00:00:00.000000063,0.0117647058823529,-0.02829820452771281,0.0
1970-01-01 00:00:00.000000064,-0.0014534883720930258,0.0210885720024101,0.01013513513513531
1970-01-01 00:00:00.000000065,0.0014556040756914523,0.013768686073957426,0.0
1970-01-01 00:00:00.000000066,0.005813953488372103,-0.017074117190531646,0.0
1970-01-01 00:00:00.000000067,-0.015895953757225523,-0.03197789182787203,-0.013377926421404673
1970-01-01 00:00:00.000000068,0.01468428781204123,0.016924959216965796,0.0
1970-01-01 00:00:00.000000069,-0.00434153400868309,-0.004010427110487158,-0.01016949152542379
1970-01-01 00:00:00.000000070,-0.0043604651162790775,0.008858465874773458,-0.010273972602739656
1970-01-01 00:00:00.000000071,0.0029197080291971655,-0.05308321692276985,0.01038062283737018
1970-01-01 00:00:00.000000072,-0.033478893740902516,-0.011380400421496462,-0.0273972602739726
1970-01-01 00:00:00.000000073,0.006024096385542244,0.05073545086335551,0.0
1970-01-01 00:00:00.000000074,-0.005988023952095856,-0.045445323595049714,0.0
1970-01-01 00:00:00.000000075,0.02108433734939763,0.026567481402762994,0.0
1970-01-01 00:00:00.000000076,0.004424778761061843,0.03850931677018643,0.01760563380281699
1970-01-01 00:00:00.000000077,-0.004405286343612258,-0.06020733652312593,-0.0034602076124568004
1970-01-01 00:00:00.000000078,-0.017699115044247815,-0.01994060246075513,-0.01736111111111105
1970-01-01 00:00:00.000000079,-0.0030030030030030463,-0.002813852813852824,0.0035335689045936647
1970-01-01 00:00:00.000000080,0.003012048192771122,0.011721293683525147,0.007042253521126751
1970-01-01 00:00:00.000000081,0.0015015015015014122,-0.02660373310448405,0.0
1970-01-01 00:00:00.000000082,0.0014992503748125774,0.009698038351333649,0.0034965034965035446
1970-01-01 00:00:00.000000083,0.022455089820359264,0.021174416066360946,0.010452961672473782
1970-01-01 00:00:00.000000084,-0.01024890190336758,0.004275331338178701,0.006896551724137945
1970-01-01 00:00:00.000000085,0.007396449704141883,-0.01979565772669223,0.0
1970-01-01 00:00:00.000000086,-0.008810572687224627,-0.007383279044516744,0.0034246575342467
1970-01-01 00:00:00.000000087,-0.00592592592592589,0.021658280463793478,0.010238907849829282
1970-01-01 00:00:00.000000088,0.016393442622950838,-0.008351177730192783,-0.0033783783783782884
1970-01-01 00:00:00.000000089,-0.01026392961876832,-0.0021593608291945454,0.003389830508474523
1970-01-01 00:00:00.000000090,-0.008888888888888835,0.041116641419606026,-0.0033783783783782884
1970-01-01 00:00:00.000000091,0.0,0.0029099979214299854,0.013559322033898313
1970-01-01 00:00:00.000000092,0.001494768310911887,-0.006010362694300553,0.0033444816053511683
1970-01-01 00:00:00.000000093,0.013432835820895495,0.019599666388657067,0.006666666666666599
1970-01-01 00:00:00.000000094,-0.014727540500736325,0.00797546012269934,-0.019867549668874163
1970-01-01 00:00:00.000000095,0.007473841554558991,-0.03022925542706434,0.006756756756756799
1970-01-01 00:00:00.000000096,-0.004451038575667643,-0.008158995815899628,-0.010067114093959662
1970-01-01 00:00:00.000000097,-0.0014903129657227732,0.008226112634465377,0.0
1970-01-01 00:00:00.000000098,-0.004477611940298498,-0.0058577405857739295,0.006779661016949268
1970-01-01 00:00:00.000000099,0.0029985007496251548,0.011153198653198526,0.0033670033670032407
1970-01-01 00:00:00.000000100,-0.002989536621823663,-0.004786680541102983,0.0
1970-01-01 00:00:00.000000101,0.011994002998500841,-0.014429109159347475,0.006711409395973256
1970-01-01 00:00:00.000000102,-0.002962962962962945,-0.018671758964566187,0.0033333333333331883
1970-01-01 00:00:00.000000103,-0.0208023774145617,0.00756756756756749,-0.0033222591362125353
1970-01-01 00:00:00.000000104,0.01365705614567525,-0.0012875536480687622,0.01333333333333342
1970-01-01 00:00:00.000000105,0.019461077844311392,0.006446067898582042,0.0032894736842103978
1970-01-01 00:00:00.000000106,-0.013215859030836996,0.0014944491887274314,-0.003278688524590123
1970-01-01 00:00:00.000000107,0.005952380952380931,0.03901087188232788,0.006578947368421018
1970-01-01 00:00:00.000000108,-0.007396449704141994,0.004924086992203369,0.0
1970-01-01 00:00:00.000000109,0.007451564828613977,-0.018374846876275996,0.0
1970-01-01 00:00:00.000000110,-0.00591715976331364,0.0004159733777038266,-0.0032679738562092497
1970-01-01 00:00:00.000000111,0.005952380952380931,0.016216216216216273,0.006557377049180246
1970-01-01 00:00:00.000000112,-0.0014792899408283544,0.04153027823240585,-0.0032573289902279035
1970-01-01 00:00:00.000000113,0.001481481481481417,0.08524847770575539,-0.0032679738562092497
1970-01-01 00:00:00.000000114,0.00887573964497057,-0.015203619909502364,0.003278688524590345
1970-01-01 00:00:00.000000115,0.0014662756598240456,0.018930343686822226,0.0032679738562091387
1970-01-01 00:00:00.000000116,-0.004392386530014725,-0.044913419913419794,0.0
1970-01-01 00:00:00.000000117,-0.002941176470588225,-0.00830972615675174,0.0
1970-01-01 00:00:00.000000118,-0.004424778761061954,-0.004760997905160935,-0.0032573289902279035
1970-01-01 00:00:00.000000119,0.002962962962962834,-0.023344814389590463,-0.006535947712418277
1970-01-01 00:00:00.000000120,-0.010339734121122546,-0.009012539184953039,-0.00328947368421062
1970-01-01 00:00:00.000000121,-0.0029850746268657025,-0.003954132068010985,-0.0033003300330032292
1970-01-01 00:00:00.000000122,0.0014970059880241582,-0.024017467248908297,0.0066225165562914245
1970-01-01 00:00:00.000000123,-0.001494768310911887,0.005287777099857616,0.006578947368421018
1970-01-01 00:00:00.000000124,0.004491017964071808,0.00950839571110662,0.0032679738562091387
1970-01-01 00:00:00.000000125,-0.007451564828613977,0.025050100200400882,0.0
1970-01-01 00:00:00.000000126,-0.007507507507507505,-0.009775171065493637,-0.009771986970683932
1970-01-01 00:00:00.000000127,-0.015128593040847238,-0.01105626850937802,-0.016447368421052544
1970-01-01 00:00:00.000000128,0.015360983102918668,0.0,0.013377926421404451
1970-01-01 00:00:00.000000129,0.00302571860816947,0.006588141345577947,-0.0066006600660065695
1970-01-01 00:00:00.000000130,-0.003016591251885359,-0.011305037683458918,0.0
1970-01-01 00:00:00.000000131,-0.00605143721633894,0.026880641925777216,-0.006644518272425071
1970-01-01 00:00:00.000000132,0.0015220700152207556,-0.015432701699550688,0.0033444816053511683
1970-01-01 00:00:00.000000133,0.0,0.02341269841269833,-0.00666666666666671
1970-01-01 00:00:00.000000134,0.004559270516717451,0.007173322993408338,0.006711409395973256
1970-01-01 00:00:00.000000135,-0.00605143721633894,0.005389797882579206,0.006666666666666599
1970-01-01 00:00:00.000000136,0.0,-0.034462952326249185,0.0
1970-01-01 00:00:00.000000137,-0.010654490106544956,0.06246281975014867,-0.0033112582781458233
1970-01-01 00:00:00.000000138,-0.003076923076922977,0.011198208286674172,-0.009966777408637828
1970-01-01 00:00:00.000000139,-0.012345679012345734,0.003137689184200765,-0.006711409395973145
1970-01-01 00:00:00.000000140,-0.010937500000000044,0.024471021159153672,0.006756756756756799
1970-01-01 00:00:00.000000141,0.0031595576619272148,-0.005747126436781658,0.010067114093959662
1970-01-01 00:00:00.000000142,0.007874015748031704,0.0070447976878613705,0.00996677740863805
1970-01-01 00:00:00.000000143,-0.0031250000000000444,-0.0007174887892376081,-0.013157894736842146
1970-01-01 00:00:00.000000144,0.0,-0.019027104649075643,-0.00666666666666671
1970-01-01 00:00:00.000000145,-0.004702194357366851,0.015553522415370669,-0.003355704697986517
1970-01-01 00:00:00.000000146,0.012598425196850505,0.0218018018018018,0.01683501683501687
1970-01-01 00:00:00.000000147,0.009331259720062324,-0.021160289190618964,-0.0033112582781458233
1970-01-01 00:00:00.000000148,-0.0046224961479198745,0.004863988470545921,-0.006644518272425071
1970-01-01 00:00:00.000000149,-0.003095975232198067,0.007708856220867588,0.0033444816053511683
1970-01-01 00:00:00.000000150,0.012422360248447006,-0.013698630136986356,0.006666666666666599
1970-01-01 00:00:00.000000151,-0.009202453987730008,-0.004509379509379463,0.0
1970-01-01 00:00:00.000000152,-0.001547987616099089,-0.006160536329045008,-0.0066225165562914245
1970-01-01 00:00:00.000000153,0.0046511627906977715,-0.0012762078395623933,-0.0033333333333332993
1970-01-01 00:00:00.000000154,-0.0092592592592593,0.0027382256297918683,-0.006688963210702337
1970-01-01 00:00:00.000000155,-0.0031152647975076775,0.02694338248680128,0.0
1970-01-01 00:00:00.000000156,0.0078125,0.0014181882644921373,0.0
1970-01-01 00:00:00.000000157,0.0031007751937983663,-0.01239157372986377,0.006734006734006703
1970-01-01 00:00:00.000000158,-0.01081916537867067,-0.012905538626994062,-0.010033444816053616
1970-01-01 00:00:00.000000159,0.006250000000000089,0.0018158707100055516,0.0033783783783785104
1970-01-01 00:00:00.000000160,0.01086956521739113,-0.029363784665579207,0.0
1970-01-01 00:00:00.000000161,-0.004608294930875445,0.005788982259570474,0.0033670033670032407
1970-01-01 00:00:00.000000162,-0.0030864197530865445,0.00018566654288898476,0.003355704697986628
1970-01-01 00:00:00.000000163,0.006191950464396356,0.03619825505847407,0.0
1970-01-01 00:00:00.000000164,0.0,-0.001612325331422526,0.0033444816053511683
1970-01-01 00:00:00.000000165,-0.004615384615384688,0.030324780190202905,-0.009999999999999898
1970-01-01 00:00:00.000000166,0.0030911901081918103,0.005572971090212375,0.0
1970-01-01 00:00:00.000000167,0.009244992295839749,0.006581226186352485,0.0033670033670032407
1970-01-01 00:00:00.000000168,0.004580152671755711,-0.011871988988299997,0.003355704697986628
1970-01-01 00:00:00.000000169,-0.00911854103343468,-0.00592025074003133,-0.0033444816053512794
1970-01-01 00:00:00.000000170,0.006134969325153339,-0.009809073392888501,0.003355704697986628
1970-01-01 00:00:00.000000171,-0.024390243902438935,0.04245533345126473,-0.013377926421404673
1970-01-01 00:00:00.000000172,0.0015624999999999112,0.0015272357033768724,-0.016949152542372947
1970-01-01 00:00:00.000000173,-0.006240249609984372,-0.0074550999661132655,-0.0034482758620688614
1970-01-01 00:00:00.000000174,0.0031397174254317317,-0.010925230454079893,0.0034602076124565784
1970-01-01 00:00:00.000000175,-0.0015649452269169695,0.0032792544011046587,-0.0034482758620688614
1970-01-01 00:00:00.000000176,0.004702194357366851,0.006709100292447978,0.006920415224913601
1970-01-01 00:00:00.000000177,-0.01404056162246492,0.04306220095693769,-0.024054982817869552
1970-01-01 00:00:00.000000178,0.0015822784810126667,-0.024574049803407605,0.0
1970-01-01 00:00:00.000000179,0.0015797788309637184,-0.027040644944575032,-0.0035211267605632646
1970-01-01 00:00:00.000000180,-0.012618296529968487,-0.024684964612463278,-0.014134275618374548
1970-01-01 00:00:00.000000181,0.007987220447284393,-0.004955752212389419,0.0035842293906809264
1970-01-01 00:00:00.000000182,-0.0015847860538826808,0.0032017075773747017,0.0035714285714285587
1970-01-01 00:00:00.000000183,-0.0031746031746030523,-0.036170212765957444,0.007117437722419906
1970-01-01 00:00:00.000000184,0.004777070063694211,0.011037527593819041,0.0
1970-01-01 00:00:00.000000185,-0.006339144215530945,-0.00727802037845704,-0.007067137809187329
1970-01-01 00:00:00.000000186,0.004784688995215447,0.038489736070381086,0.007117437722419906
1970-01-01 00:00:00.000000187,-0.0015873015873015817,-0.013766325450052852,-0.0035335689045937757
1970-01-01 00:00:00.000000188,0.0,-0.008410880458124659,-0.0035460992907800915
1970-01-01 00:00:00.000000189,-0.007949125596184436,0.002346146904890878,0.0
1970-01-01 00:00:00.000000190,0.0,0.009542671948145509,-0.007117437722419906
1970-01-01 00:00:00.000000191,-0.0064102564102563875,-0.04761904761904767,-0.0035842293906810374
1970-01-01 00:00:00.000000192,-0.016129032258064613,0.03483146067415732,-0.014388489208632893
1970-01-01 00:00:00.000000193,0.004918032786885185,0.0148389431777054,0.0
1970-01-01 00:00:00.000000194,-0.0032626427406198255,-0.01034236804564903,0.0
1970-01-01 00:00:00.000000195,0.0,-0.009189189189189206,0.0
1970-01-01 00:00:00.000000196,-0.00327332242225864,-0.05091834879068924,-0.007299270072992692
1970-01-01 00:00:00.000000197,-0.02298850574712641,0.08660662962253318,0.003676470588235281
1970-01-01 00:00:00.000000198,0.015126050420168013,0.03050608358314233,0.0146520146520146
1970-01-01 00:00:00.000000199,-0.004966887417218624,-0.020020533880903413,0.0036101083032489267
1970-01-01 00:00:00.000000200,-0.006655574043261225,0.03457307490832884,0.003597122302158251
1970-01-01 00:00:00.000000201,0.018425460636515956,-0.01704641350210967,0.014336917562723928
1970-01-01 00:00:00.000000202,0.0032894736842103978,-0.010130494505494525,-0.0035335689045937757
1970-01-01 00:00:00.000000203,-0.003278688524590123,-0.0005203816131830186,0.0
1970-01-01 00:00:00.000000204,0.0,0.011280805275945882,-0.007092198581560294
1970-01-01 00:00:00.000000205,-0.0016447368421051989,-0.03964304101596017,0.0
1970-01-01 00:00:00.000000206,0.02471169686985175,-0.05968548963545395,0.014285714285714235
1970-01-01 00:00:00.000000207,0.012861736334405238,0.03173698213607001,0.0035211267605634866
1970-01-01 00:00:00.000000208,0.0031746031746031633,-0.014551482777675484,0.010526315789473717
1970-01-01 00:00:00.000000209,-0.0031645569620254443,-0.00037383177570093906,-0.01041666666666663
1970-01-01 00:00:00.000000210,-0.007936507936507908,-0.017015706806282616,-0.007017543859649145
1970-01-01 00:00:00.000000211,-0.009599999999999942,-0.028343161498953773,-0.007067137809187329
1970-01-01 00:00:00.000000212,-0.004846526655896688,0.0025450274079874546,0.003558718861209842
1970-01-01 00:00:00.000000213,0.02110389610389607,-0.005272407732864748,0.014184397163120588
1970-01-01 00:00:00.000000214,0.0031796502384737746,-0.012760109933254826,0.0
1970-01-01 00:00:00.000000215,-0.0015847860538826808,0.005368860608470971,0.0034965034965035446
1970-01-01 00:00:00.000000216,0.01904761904761898,0.032634493670886,0.013937282229965264
1970-01-01 00:00:00.000000217,-0.014018691588784993,0.0400306454702164,-0.020618556701030966
1970-01-01 00:00:00.000000218,0.02843601895734582,-0.0009208103130754486,0.021052631578947434
1970-01-01 00:00:00.000000219,-0.006144393241167445,-0.02230414746543785,0.0
1970-01-01 00:00:00.000000220,0.0,-0.009803921568627416,-0.003436426116838587
1970-01-01 00:00:00.000000221,0.0015455950540959051,0.029512566641279436,-0.006896551724137945
1970-01-01 00:00:00.000000222,0.016975308641975273,0.020343998520436557,0.01736111111111116
1970-01-01 00:00:00.000000223,0.0,0.012869313032445096,0.010238907849829282
1970-01-01 00:00:00.000000224,-0.0030349013657055,0.012884753042233354,-0.006756756756756799
1970-01-01 00:00:00.000000225,0.0060882800608828,0.0065371024734981464,0.0
1970-01-01 00:00:00.000000226,-0.0075642965204236745,0.012111637704054656,0.003401360544217802
1970-01-01 00:00:00.000000227,-0.009146341463414531,0.0006937218175513404,-0.016949152542372947
1970-01-01 00:00:00.000000228,0.009230769230769154,0.018370883882149025,0.0
1970-01-01 00:00:00.000000229,0.0,-0.006466984343090454,0.0
1970-01-01 00:00:00.000000230,-0.010670731707317027,0.01164782459746494,-0.010344827586206806
1970-01-01 00:00:00.000000231,0.013867488443759513,-0.0033863867253640656,0.010452961672473782
1970-01-01 00:00:00.000000232,-0.013677811550151908,-0.03839619435949704,-0.01724137931034475
1970-01-01 00:00:00.000000233,-0.013867488443759624,0.02862190812720833,-0.007017543859649145
1970-01-01 00:00:00.000000234,0.006250000000000089,-0.001717622810030961,0.0
1970-01-01 00:00:00.000000235,0.007763975155279379,0.003269098417068239,0.0
1970-01-01 00:00:00.000000236,-0.007704160246533087,-0.003944434916823947,-0.0035335689045937757
1970-01-01 00:00:00.000000237,-0.012422360248447228,-0.001721763085399508,-0.0035460992907800915
1970-01-01 00:00:00.000000238,0.01729559748427656,-0.020179372197309364,0.007117437722419906
1970-01-01 00:00:00.000000239,0.010819165378670892,-0.01196972364020421,0.0
1970-01-01 00:00:00.000000240,-0.007645259938837912,0.005344735435595993,0.0
1970-01-01 00:00:00.000000241,0.0046224961479197635,-0.025341130604288442,0.007067137809187329
1970-01-01 00:00:00.000000242,-0.006134969325153228,0.003272727272727316,-0.0035087719298246833
1970-01-01 00:00:00.000000243,0.010802469135802406,0.03370786516853941,0.010563380281690238
1970-01-01 00:00:00.000000244,0.004580152671755711,-0.02296633941093973,0.0034843205574912606
1970-01-01 00:00:00.000000245,-0.001519756838905706,0.0269154853759197,-0.003472222222222099
1970-01-01 00:00:00.000000246,0.0,-0.009086143630962717,-0.0034843205574913716
1970-01-01 00:00:00.000000247,-0.007610350076103556,-0.014459530946922983,-0.010489510489510412
1970-01-01 00:00:00.000000248,0.0030674846625766694,-0.0012524601896582999,0.0035335689045936647
1970-01-01 00:00:00.000000249,-0.004587155963302836,0.015944106055177265,-0.007042253521126751
1970-01-01 00:00:00.000000250,0.009216589861751334,0.08622817845177222,0.010638297872340496
1970-01-01 00:00:00.000000251,0.0,-0.0017857142857142794,0.007017543859649145
1970-01-01 00:00:00.000000252,-0.004566210045662156,0.0047162140185395,0.0
1970-01-01 00:00:00.000000253,0.001529051987767538,-0.021366137908708338,0.0034843205574912606
1970-01-01 00:00:00.000000254,0.003053435114503955,0.0024809791597750763,0.0
1970-01-01 00:00:00.000000255,0.003044140030441289,-0.016003959742616702,0.003472222222222321
1970-01-01 00:00:00.000000256,0.006069802731411222,-0.008048289738430636,0.0
1970-01-01 00:00:00.000000257,-0.004524886877828038,-0.00016903313049354551,-0.0034602076124568004
1970-01-01 00:00:00.000000258,-0.0015151515151514694,0.00033812341504657617,0.003472222222222321
1970-01-01 00:00:00.000000259,0.0,0.004225114078080017,-0.0034602076124568004
1970-01-01 00:00:00.000000260,-0.012139605462822445,0.0037024570851564853,-0.01041666666666663
1970-01-01 00:00:00.000000261,-0.003072196620583667,-0.01106639839034207,-0.007017543859649145
1970-01-01 00:00:00.000000262,0.0,0.008816547982366973,0.0035335689045936647
1970-01-01 00:00:00.000000263,-0.0015408320493065508,-0.004201680672268893,0.0
1970-01-01 00:00:00.000000264,0.0030864197530864335,-0.0015189873417722488,0.0035211267605634866
1970-01-01 00:00:00.000000265,-0.0015384615384614886,0.02129817444219073,-0.0035087719298246833
1970-01-01 00:00:00.000000266,-0.0015408320493065508,0.012082092022509094,0.0
1970-01-01 00:00:00.000000267,0.0015432098765431057,-0.012101390024529923,0.0035211267605634866
1970-01-01 00:00:00.000000268,-0.006163328197226536,-0.008276775368316502,-0.0035087719298246833
1970-01-01 00:00:00.000000269,-0.0015503875968991832,-0.016691704223001147,-0.0035211267605632646
1970-01-01 00:00:00.000000270,-0.007763975155279601,0.021897810218978186,0.0
1970-01-01 00:00:00.000000271,0.017214397496087663,-0.018770764119601324,0.007067137809187329
1970-01-01 00:00:00.000000272,0.004615384615384688,-0.01015744032503807,0.0035087719298245723
1970-01-01 00:00:00.000000273,-0.006125574272588086,-0.011971951428082717,-0.010489510489510412
1970-01-01 00:00:00.000000274,-0.0015408320493065508,-0.007097109226242071,0.0
1970-01-01 00:00:00.000000275,-0.007716049382716195,0.001394700139470073,-0.0035335689045937757
1970-01-01 00:00:00.000000276,-0.0031104199066873672,-0.0017409470752087763,-0.0035460992907800915
1970-01-01 00:00:00.000000277,0.0031201248049921304,0.0029647715381930784,0.003558718861209842
1970-01-01 00:00:00.000000278,0.010886469673405896,0.0013910624239263925,0.0035460992907803135
1970-01-01 00:00:00.000000279,0.0015384615384614886,0.009202986629623044,0.0
1970-01-01 00:00:00.000000280,0.010752688172043001,-0.009119064005505773,0.010600706713780772
1970-01-01 00:00:00.000000281,-0.001519756838905706,-0.01597499565896865,-0.006993006993006978
1970-01-01 00:00:00.000000282,-0.003044140030441511,0.006529027704252677,0.0035211267605634866
1970-01-01 00:00:00.000000283,0.0,-0.004908835904628317,-0.0035087719298246833
1970-01-01 00:00:00.000000284,-0.006106870229007688,-0.01990838618745583,-0.0035211267605632646
1970-01-01 00:00:00.000000285,-0.016897081413210335,0.01509976631314025,-0.007067137809187329
1970-01-01 00:00:00.000000286,-0.012499999999999956,-0.007260492296794707,0.0
1970-01-01 00:00:00.000000287,-0.004746835443038,-0.003210845522654271,-0.007117437722419906
1970-01-01 00:00:00.000000288,0.007949125596184325,-0.01896921975662136,0.0035842293906809264
1970-01-01 00:00:00.000000289,0.006309148264984188,-0.009120758847136035,0.0035714285714285587
1970-01-01 00:00:00.000000290,-0.0015673981191222097,-0.01951399116347574,-0.003558718861210064
1970-01-01 00:00:00.000000291,0.0031397174254317317,0.03022906496432598,0.0035714285714285587
1970-01-01 00:00:00.000000292,0.0,-0.004373974849644524,0.0
1970-01-01 00:00:00.000000293,0.006259780907668322,-0.006955885044847232,0.007117437722419906
1970-01-01 00:00:00.000000294,0.004665629860031162,-0.01179723502304153,0.010600706713780772
1970-01-01 00:00:00.000000295,0.0,0.004476776720761189,-0.006993006993006978
1970-01-01 00:00:00.000000296,-0.009287925696594312,-0.015970287836583053,-0.0035211267605632646
1970-01-01 00:00:00.000000297,0.004687499999999956,0.006416304963200448,0.0035335689045936647
1970-01-01 00:00:00.000000298,-0.0031104199066873672,0.03037689855615988,-0.0035211267605632646
1970-01-01 00:00:00.000000299,0.004680187207488418,-0.00837124658780708,0.0176678445229681
1970-01-01 00:00:00.000000300,0.0,0.013396953569462244,-0.01041666666666663
1970-01-01 00:00:00.000000301,0.0,0.013400941687794266,0.0
1970-01-01 00:00:00.000000302,0.0031055900621117516,-0.004110078627591163,0.007017543859649145
1970-01-01 00:00:00.000000303,-0.004643962848297267,0.0010766194150368946,-0.0034843205574913716
1970-01-01 00:00:00.000000304,0.007776049766718529,-0.013443269403118796,0.0
1970-01-01 00:00:00.000000305,-0.0030864197530865445,0.00363372093023262,0.0
1970-01-01 00:00:00.000000306,-0.004643962848297267,-0.014844315713251288,-0.0034965034965034336
1970-01-01 00:00:00.000000307,0.004665629860031162,0.0022050716648289725,0.007017543859649145
1970-01-01 00:00:00.000000308,0.004643962848297267,-0.015584891822515656,0.0034843205574912606
1970-01-01 00:00:00.000000309,0.0030816640986131016,0.01266530080089412,0.0
1970-01-01 00:00:00.000000310,0.016897081413210557,-0.005701673717123379,0.01041666666666674
1970-01-01 00:00:00.000000311,0.01963746223564944,0.0,0.013745704467353903
1970-01-01 00:00:00.000000312,-0.001481481481481417,-0.007769145394006638,0.0
1970-01-01 00:00:00.000000313,0.020771513353115667,-0.02050708426547354,0.010169491525423568
1970-01-01 00:00:00.000000314,-0.011627906976744207,-0.023220403502093645,-0.01342281879194629
1970-01-01 00:00:00.000000315,-0.013235294117647012,-0.005650818394388191,0.0
1970-01-01 00:00:00.000000316,0.008941877794336861,0.014501273760533007,0.017006802721088565
1970-01-01 00:00:00.000000317,-0.013293943870014702,-0.0011589723778250294,-0.006688963210702337
1970-01-01 00:00:00.000000318,0.0029940119760478723,0.015470895378070004,0.006734006734006703
1970-01-01 00:00:00.000000319,0.016417910447761086,-0.03389830508474578,0.0033444816053511683
1970-01-01 00:00:00.000000320,0.010279001468428861,0.011038833037650297,0.09999999999999987
1970-01-01 00:00:00.000000321,0.010174418604651292,-0.019691947748099015,0.03939393939393954
1970-01-01 00:00:00.000000322,0.04028776978417259,-0.002187748607796358,0.06997084548104948
1970-01-01 00:00:00.000000323,-0.013831258644536715,-0.020729519633246984,-0.032697547683923744
1970-01-01 00:00:00.000000324,-0.032258064516129004,-0.010787706085894633,-0.028169014084506894
1970-01-01 00:00:00.000000325,-0.004347826086956608,-0.011728395061728403,-0.005797101449275366
1970-01-01 00:00:00.000000326,-0.005822416302765698,0.017072662919008996,-0.014577259475218707
1970-01-01 00:00:00.000000327,0.008784773060029227,-0.0006141248720573644,0.0
1970-01-01 00:00:00.000000328,-0.002902757619738683,-0.009012699713232264,-0.00591715976331364
1970-01-01 00:00:00.000000329,-0.00727802037845704,-0.005580818520049657,-0.005952380952380931
1970-01-01 00:00:00.000000330,0.008797653958944274,0.0033257119102059196,0.0059880239520957446
1970-01-01 00:00:00.000000331,-0.018895348837209336,0.01864512119328765,-0.008928571428571397
1970-01-01 00:00:00.000000332,0.0,-0.02684563758389258,0.006006006006006093
1970-01-01 00:00:00.000000333,-0.011851851851851891,-0.03364681295715777,-0.017910447761193993
1970-01-01 00:00:00.000000334,-0.020989505247376306,0.0017301038062282892,-0.01823708206686936
1970-01-01 00:00:00.000000335,0.003062787136294043,-0.0019430051813472682,0.0
1970-01-01 00:00:00.000000336,0.0015267175572519776,-0.0036772658446895257,-0.003095975232198067
1970-01-01 00:00:00.000000337,0.012195121951219523,-0.008684324793747367,0.012422360248447006
1970-01-01 00:00:00.000000338,-0.0060240963855421326,-0.0021901007446341048,-0.006134969325153228
1970-01-01 00:00:00.000000339,-0.003030303030302939,-0.03160667251975424,0.0092592592592593
1970-01-01 00:00:00.000000340,-0.00911854103343468,0.019265639165911175,-0.012232415902140636
1970-01-01 00:00:00.000000341,0.00920245398773023,-0.004225038914832058,0.006191950464396356
1970-01-01 00:00:00.000000342,0.00911854103343468,-0.013175524787851778,0.01846153846153853
1970-01-01 00:00:00.000000343,-0.004518072289156572,0.014256619144602967,-0.012084592145015116
1970-01-01 00:00:00.000000344,0.010590015128592922,0.017179830432842547,0.006116207951070374
1970-01-01 00:00:00.000000345,0.014970059880239583,0.007457775828032309,0.01823708206686936
1970-01-01 00:00:00.000000346,-0.001474926253687392,-0.0013063357282822041,-0.011940298507462699
1970-01-01 00:00:00.000000347,-0.016248153618906858,-0.0021800741225200815,-0.012084592145015116
1970-01-01 00:00:00.000000348,0.0030030030030030463,0.0028402883985141347,0.0
1970-01-01 00:00:00.000000349,-0.007485029940119681,0.014379084967320432,-0.006116207951070374
1970-01-01 00:00:00.000000350,0.006033182503770718,0.0034364261168384758,0.003076923076922977
1970-01-01 00:00:00.000000351,-0.0014992503748125774,0.0010702054794522464,0.0
1970-01-01 00:00:00.000000352,-0.013513513513513487,-0.012828736369467686,-0.012269938650306678
1970-01-01 00:00:00.000000353,-0.0060882800608828,0.001516136019060088,0.0
1970-01-01 00:00:00.000000354,-0.003062787136294043,-0.03287197231833916,0.006211180124223503
1970-01-01 00:00:00.000000355,-0.015360983102918557,0.014534883720930258,-0.0092592592592593
1970-01-01 00:00:00.000000356,0.004680187207488418,-0.0008816398501212408,0.01869158878504673
1970-01-01 00:00:00.000000357,0.0031055900621117516,-0.020295609971321404,-0.006116207951070374
1970-01-01 00:00:00.000000358,-0.004643962848297267,0.0,0.006153846153846176
1970-01-01 00:00:00.000000359,0.009331259720062324,0.035577572618779696,0.003058103975535076
1970-01-01 00:00:00.000000360,0.010785824345146189,0.0065231572080886036,0.012195121951219523
1970-01-01 00:00:00.000000361,-0.0060975609756097615,-0.008857204579822753,-0.0060240963855421326
1970-01-01 00:00:00.000000362,-0.004601226993864893,-0.013731473408892803,-0.0060606060606061
1970-01-01 00:00:00.000000363,-0.0046224961479198745,0.004861878453038759,-0.0030487804878047697
1970-01-01 00:00:00.000000364,0.001547987616099089,0.012315812623707956,0.00917431192660545
1970-01-01 00:00:00.000000365,0.0,0.00543124049532917,-0.012121212121212088
1970-01-01 00:00:00.000000366,0.007727975270479082,-0.00691443388072599,0.012269938650306678
1970-01-01 00:00:00.000000367,-0.004601226993864893,-0.0017406440382941035,0.0
1970-01-01 00:00:00.000000368,0.0215716486902926,-0.022231909328683575,0.0121212121212122
1970-01-01 00:00:00.000000369,0.004524886877828038,0.0031208203299153414,0.008982035928143839
1970-01-01 00:00:00.000000370,-0.0015015015015015232,-0.008666666666666711,0.005934718100890191
1970-01-01 00:00:00.000000371,-0.004511278195488799,-0.013898229096615089,0.002949852507374562
1970-01-01 00:00:00.000000372,0.0030211480362536403,-0.014548761082064154,0.008823529411764675
1970-01-01 00:00:00.000000373,0.001506024096385561,0.004844290657439521,-0.00291545189504383
1970-01-01 00:00:00.000000374,0.003007518796992459,-0.017217630853994526,0.005847953216374213
1970-01-01 00:00:00.000000375,0.0,0.022424667133847276,-0.005813953488372103
1970-01-01 00:00:00.000000376,0.020989505247376306,-0.01667809001599274,0.005847953216374213
1970-01-01 00:00:00.000000377,0.001468428781204123,0.008828996282527868,0.0
1970-01-01 00:00:00.000000378,0.011730205278592365,0.04629203132197146,0.0
1970-01-01 00:00:00.000000379,0.017391304347825987,0.020250935505172762,0.02034883720930236
1970-01-01 00:00:00.000000380,0.012820512820512997,-0.011650485436893177,0.0
1970-01-01 00:00:00.000000381,0.0,0.0052390307793057644,0.0
1970-01-01 00:00:00.000000382,-0.015471167369901617,0.003908794788273662,-0.014245014245014231
1970-01-01 00:00:00.000000383,0.011428571428571344,-0.007354531689379162,0.011560693641618602
1970-01-01 00:00:00.000000384,0.0028248587570620654,-0.010895619960775815,-0.0028571428571427804
1970-01-01 00:00:00.000000385,-0.008450704225352101,-0.006168759638687016,-0.005730659025787954
1970-01-01 00:00:00.000000386,0.0,0.0011084016847704437,-0.0028818443804035088
1970-01-01 00:00:00.000000387,0.0042613636363637575,0.03565101860053166,0.011560693641618602
1970-01-01 00:00:00.000000388,-0.016973125884017004,-0.014753046824887872,0.0028571428571428914
1970-01-01 00:00:00.000000389,-0.025899280575539696,-0.01150173611111116,-0.014245014245014231
1970-01-01 00:00:00.000000390,-0.017725258493352936,-0.00965971459934134,-0.020231213872832332
1970-01-01 00:00:00.000000391,0.009022556390977376,-0.00443360673908233,0.029498525073746285
1970-01-01 00:00:00.000000392,-0.0044709388971684305,0.0037853484747272237,-0.002865329512894088
1970-01-01 00:00:00.000000393,-0.004491017964071808,-0.021295474711623852,-0.011494252873563204
1970-01-01 00:00:00.000000394,-0.004511278195488799,-0.0859020852221215,0.008720930232558155
1970-01-01 00:00:00.000000395,-0.015105740181268978,-0.028266798909000745,-0.011527377521613813
1970-01-01 00:00:00.000000396,0.006134969325153339,-0.025771880581781037,0.017492711370262315
1970-01-01 00:00:00.000000397,0.001524390243902607,0.005762179151388214,0.0
1970-01-01 00:00:00.000000398,-0.004566210045662156,-0.004427083333333415,-0.008595988538682042
1970-01-01 00:00:00.000000399,0.00917431192660545,-0.010201412503269558,0.011560693641618602
1970-01-01 00:00:00.000000400,0.013636363636363669,0.028012684989429104,0.0028571428571428914
1970-01-01 00:00:00.000000401,-0.010463378176382654,-0.010025706940874013,-0.011396011396011319
1970-01-01 00:00:00.000000402,-0.006042296072507614,-0.0038950921838483143,-0.008645533141210415
1970-01-01 00:00:00.000000403,-0.0075987841945288626,0.00651720542231482,-0.04069767441860472
1970-01-01 00:00:00.000000404,0.004594180704440953,0.013727013727013793,0.0121212121212122
1970-01-01 00:00:00.000000405,0.015243902439024515,-0.0094532447623914,0.014970059880239583
1970-01-01 00:00:00.000000406,-0.010510510510510551,-0.005674490585504399,-0.014749262536873253
1970-01-01 00:00:00.000000407,0.007587253414264028,-0.01322957198443575,-0.005988023952095856
1970-01-01 00:00:00.000000408,-0.0075301204819276935,0.008675078864353258,-0.0060240963855421326
1970-01-01 00:00:00.000000409,-0.006069802731411222,0.0028668230388324556,0.0
1970-01-01 00:00:00.000000410,0.006106870229007688,-0.004677754677754664,0.0060606060606061
1970-01-01 00:00:00.000000411,0.003034901365705611,-0.008616187989556101,-0.0030120481927710108
1970-01-01 00:00:00.000000412,-0.001512859304084846,-0.012641559125625368,-0.0030211480362538623
1970-01-01 00:00:00.000000413,0.00909090909090926,-0.004534542544678666,0.021212121212121238
1970-01-01 00:00:00.000000414,0.0015015015015014122,0.007770632368703012,-0.020771513353115778
1970-01-01 00:00:00.000000415,-0.007496251874062887,-0.007444828503057721,0.0060606060606061
1970-01-01 00:00:00.000000416,0.007552870090634434,-0.009643718189124018,0.009036144578313365
1970-01-01 00:00:00.000000417,0.0,-0.00459832296456586,0.005970149253731405
1970-01-01 00:00:00.000000418,-0.0029985007496251548,0.013858695652174013,-0.008902077151335397
1970-01-01 00:00:00.000000419,0.010526315789473495,-0.008308764406325442,0.0029940119760478723
1970-01-01 00:00:00.000000420,-0.0029761904761904656,-0.01324324324324333,0.005970149253731405
1970-01-01 00:00:00.000000421,-0.0014925373134327957,0.007395234182415944,-0.008902077151335397
1970-01-01 00:00:00.000000422,-0.002989536621823663,0.007340946166394691,0.0
1970-01-01 00:00:00.000000423,-0.0029985007496251548,-0.021592442645074095,0.0059880239520957446
1970-01-01 00:00:00.000000424,-0.010526315789473717,0.0011034482758620623,-0.04761904761904756
1970-01-01 00:00:00.000000425,-0.003039513677811634,-0.005235602094240788,-0.0031250000000000444
1970-01-01 00:00:00.000000426,0.001524390243902607,0.011080332409972193,0.015673981191222763
1970-01-01 00:00:00.000000427,0.016742770167427645,-0.017534246575342527,0.0092592592592593
1970-01-01 00:00:00.000000428,-0.004491017964071808,-0.011991076408254364,0.0
1970-01-01 00:00:00.000000429,-0.004511278195488799,0.002540220152413397,0.00917431192660545
1970-01-01 00:00:00.000000430,0.0030211480362536403,-0.019144144144144115,0.0
1970-01-01 00:00:00.000000431,-0.0060240963855421326,-0.01320321469575203,-0.0060606060606061
1970-01-01 00:00:00.000000432,-0.030303030303030165,-0.006980802792321161,-0.027439024390243816
1970-01-01 00:00:00.000000433,0.004687499999999956,-0.009666080843585223,0.0
1970-01-01 00:00:00.000000434,-0.0062208398133748455,0.01952085181898844,-0.0031347962382444194
1970-01-01 00:00:00.000000435,-0.0015649452269169695,0.012184508268059169,-0.012578616352201255
1970-01-01 00:00:00.000000436,0.017241379310344973,0.006018916595012858,0.019108280254777066
1970-01-01 00:00:00.000000437,0.0046224961479197635,0.021082621082621156,0.009374999999999911
1970-01-01 00:00:00.000000438,0.0030674846625766694,0.021205357142856984,-0.009287925696594312
1970-01-01 00:00:00.000000439,-0.025993883792048922,-0.006010928961748596,-0.012499999999999956
1970-01-01 00:00:00.000000440,0.0015698587127157548,-0.0030236393622870006,0.028481012658227778
1970-01-01 00:00:00.000000441,0.006269592476489061,-0.010201268265784491,0.003076923076922977
1970-01-01 00:00:00.000000442,0.012461059190031154,0.015041782729805053,0.01840490797546024
1970-01-01 00:00:00.000000443,-0.007692307692307665,0.010976948408342624,-0.0030120481927710108
1970-01-01 00:00:00.000000444,0.007751937984496138,-0.00678610206297503,0.0
1970-01-01 00:00:00.000000445,-0.004615384615384688,-0.004372779447936681,0.012084592145015227
1970-01-01 00:00:00.000000446,-0.0015455950540957941,-0.0013724951962666987,-0.008955223880597107
1970-01-01 00:00:00.000000447,0.004643962848297267,-0.0030236393622870006,0.012048192771084265
1970-01-01 00:00:00.000000448,-0.007704160246533087,0.002481389578163684,-0.008928571428571397
1970-01-01 00:00:00.000000449,0.0,0.0016501650165017256,0.0030030030030030463
1970-01-01 00:00:00.000000450,0.0,0.0030203185063151228,0.008982035928143839
1970-01-01 00:00:00.000000451,0.012422360248447006,-0.009033670955379103,-0.005934718100890191
1970-01-01 00:00:00.000000452,-0.004601226993864893,-0.0008287292817680258,0.005970149253731405
1970-01-01 00:00:00.000000453,-0.01078582434514641,0.012994194083494559,-0.014836795252225587
1970-01-01 00:00:00.000000454,0.007788161993769416,0.0040938864628821126,0.009036144578313365
1970-01-01 00:00:00.000000455,0.007727975270479082,-0.014677901603696641,0.0029850746268655914
1970-01-01 00:00:00.000000456,-0.0030674846625766694,0.0016551724137932045,-0.0029761904761904656
1970-01-01 00:00:00.000000457,-0.0015384615384614886,-0.011567061415588054,0.0
1970-01-01 00:00:00.000000458,0.0030816640986131016,-0.004736695458344986,0.0
1970-01-01 00:00:00.000000459,-0.007680491551459223,0.0027995520716685984,0.005970149253731405
1970-01-01 00:00:00.000000460,-0.004643962848297267,-0.015633724176437824,-0.0029673590504452063
1970-01-01 00:00:00.000000461,-0.007776049766718529,-0.005104934770277958,-0.014880952380952328
1970-01-01 00:00:00.000000462,0.004702194357366851,0.0022805017103761926,0.01812688821752273
1970-01-01 00:00:00.000000463,0.0,-0.003981797497155659,0.0029673590504450953
1970-01-01 00:00:00.000000464,-0.006240249609984372,-0.029697315819531833,0.0
1970-01-01 00:00:00.000000465,-0.014128728414442682,-0.006768687463213574,-0.008875739644970349
1970-01-01 00:00:00.000000466,-0.014331210191082744,-0.015407407407407536,-0.011940298507462699
1970-01-01 00:00:00.000000467,0.0,0.015046644598254666,0.0060422960725075026
1970-01-01 00:00:00.000000468,0.008077544426494221,-0.002668247850578065,0.0030030030030030463
1970-01-01 00:00:00.000000469,0.008012820512820484,-0.008917954815695461,-0.0029940119760478723
1970-01-01 00:00:00.000000470,-0.0015898251192368873,-0.02969406118776252,0.012012012012011963
1970-01-01 00:00:00.000000471,0.0,-0.010510046367851689,-0.008902077151335397
1970-01-01 00:00:00.000000472,-0.009554140127388644,0.004686035613870709,-0.008982035928143617
1970-01-01 00:00:00.000000473,-0.01125401929260439,-0.023631840796019876,-0.009063444108761365
1970-01-01 00:00:00.000000474,0.001626016260162677,0.0028662420382166154,0.012195121951219523
1970-01-01 00:00:00.000000475,-0.0032467532467532756,-0.01492537313432829,-0.0030120481927710108
1970-01-01 00:00:00.000000476,-0.004885993485341911,0.012250161186331265,0.0030211480362536403
1970-01-01 00:00:00.000000477,0.00654664484451728,0.0054140127388535575,-0.0060240963855421326
1970-01-01 00:00:00.000000478,0.001626016260162677,0.0063351282863477465,0.0
1970-01-01 00:00:00.000000479,0.0,-0.01290525653131891,0.0060606060606061
1970-01-01 00:00:00.000000480,-0.0032467532467532756,-0.019770408163265363,-0.0060240963855421326
1970-01-01 00:00:00.000000481,0.006514657980456029,0.04489264801561488,-0.009090909090909038
1970-01-01 00:00:00.000000482,0.011326860841424091,-0.002179327521793284,0.0
1970-01-01 00:00:00.000000483,-0.008000000000000007,-0.018096723868954667,0.0
1970-01-01 00:00:00.000000484,-0.003225806451612967,-0.0009532888465204614,0.006116207951070374
1970-01-01 00:00:00.000000485,0.006472491909385036,-0.014949109414758355,0.0
1970-01-01 00:00:00.000000486,-0.003215434083601254,-0.00710364869228286,0.0
1970-01-01 00:00:00.000000487,0.008064516129032251,-0.01788617886178867,0.012158054711246313
1970-01-01 00:00:00.000000488,-0.012800000000000034,0.01754966887417231,-0.012012012012012074
1970-01-01 00:00:00.000000489,0.0032414910858995505,0.0006508298080052377,0.00911854103343468
1970-01-01 00:00:00.000000490,-0.00646203554119551,0.0071544715447153795,-0.009036144578313143
1970-01-01 00:00:00.000000491,-0.006504065040650375,0.0022602518566354757,-0.012158054711246202
1970-01-01 00:00:00.000000492,-0.004909983633387904,0.02996134020618557,0.006153846153846176
1970-01-01 00:00:00.000000493,0.00164473684210531,0.01720362840162659,0.0
1970-01-01 00:00:00.000000494,0.013136288998357948,-0.024600246002460135,0.024464831804281273
1970-01-01 00:00:00.000000495,-0.00972447325769843,0.02522068095838592,-0.005970149253731294
1970-01-01 00:00:00.000000496,0.004909983633387682,0.005535055350553542,-0.01501501501501512
1970-01-01 00:00:00.000000497,0.004885993485342022,-0.016207951070336457,0.0060975609756097615
1970-01-01 00:00:00.000000498,0.0,-0.004041032017407575,-0.009090909090909038
1970-01-01 00:00:00.000000499,0.004862236628849326,0.02309612983770304,0.0
1970-01-01 00:00:00.000000500,0.012903225806451646,0.020134228187919323,0.024464831804281273
1970-01-01 00:00:00.000000501,0.009554140127388422,0.004186602870813516,0.011940298507462588
1970-01-01 00:00:00.000000502,0.014195583596214423,0.024419297200714674,0.032448377581120846
1970-01-01 00:00:00.000000503,0.004665629860031162,-0.03575581395348826,-0.005714285714285672
1970-01-01 00:00:00.000000504,-0.010835913312693513,-0.024419656315948224,-0.005747126436781658
1970-01-01 00:00:00.000000505,0.0,0.007416563658838138,-0.0028901734104045396
1970-01-01 00:00:00.000000506,-0.00312989045383405,-0.0076687116564416735,-0.005797101449275366
1970-01-01 00:00:00.000000507,0.004709576138147709,-0.010819165378670781,0.005830903790087438
1970-01-01 00:00:00.000000508,0.0078125,0.04718749999999994,0.0
1970-01-01 00:00:00.000000509,0.015503875968992276,0.011041480155177696,0.005797101449275477
1970-01-01 00:00:00.000000510,-0.007633587786259555,0.018890200708382432,-0.0028818443804035088
1970-01-01 00:00:00.000000511,0.003076923076922977,-0.0011587485515645035,-0.0028901734104045396
1970-01-01 00:00:00.000000512,0.02300613496932513,-0.006670533642691323,0.017391304347825987
1970-01-01 00:00:00.000000513,-0.0029985007496251548,0.014598540145985384,0.017094017094017033
1970-01-01 00:00:00.000000514,0.019548872180451093,-0.0025899280575540917,0.0056022408963585235
1970-01-01 00:00:00.000000515,-0.004424778761061954,-0.004039238315060367,0.0
1970-01-01 00:00:00.000000516,0.008888888888888724,-0.01274623406720754,0.0055710306406684396
1970-01-01 00:00:00.000000517,-0.023494860499265635,0.004107981220657253,-0.027700831024930817
1970-01-01 00:00:00.000000518,0.004511278195488577,-0.0037989479836351148,0.005698005698005604
1970-01-01 00:00:00.000000519,-0.004491017964071808,0.009093575828688527,0.0028328611898018607
1970-01-01 00:00:00.000000520,0.006015037593984918,-0.007267441860465129,-0.0028248587570621764
1970-01-01 00:00:00.000000521,-0.004484304932735439,0.021669106881405664,0.0056657223796034994
1970-01-01 00:00:00.000000522,-0.006006006006005982,-0.008598452278589797,-0.011267605633802802
1970-01-01 00:00:00.000000523,0.012084592145015227,-0.0014455044810640638,0.014245014245014342
1970-01-01 00:00:00.000000524,-0.004477611940298498,-0.01158077591198603,0.0
1970-01-01 00:00:00.000000525,0.0014992503748125774,-0.0014645577035734547,0.002808988764044784
1970-01-01 00:00:00.000000526,-0.0014970059880239361,0.006160164271047153,-0.0028011204481792618
1970-01-01 00:00:00.000000527,-0.0014992503748125774,0.0276967930029155,-0.005617977528089901
1970-01-01 00:00:00.000000528,-0.0015015015015015232,-0.0008510638297872797,-0.008474576271186529
1970-01-01 00:00:00.000000529,-0.009022556390977488,0.030096536059057488,-0.011396011396011319
1970-01-01 00:00:00.000000530,0.0,0.001378169790518191,-0.0057636887608069065
1970-01-01 00:00:00.000000531,0.007587253414264028,0.013212221304707006,0.011594202898550732
1970-01-01 00:00:00.000000532,0.0,-0.013854930725346493,-0.002865329512894088
1970-01-01 00:00:00.000000533,-0.012048192771084376,-0.00688705234159781,-0.008620689655172376
1970-01-01 00:00:00.000000534,0.0030487804878049918,-0.009708737864077555,0.0028985507246375164
1970-01-01 00:00:00.000000535,0.010638297872340496,-0.003081232492997188,0.0
1970-01-01 00:00:00.000000536,-0.009022556390977488,0.0016858668165213864,0.0
1970-01-01 00:00:00.000000537,0.003034901365705611,-0.015147265077138816,0.0028901734104047616
1970-01-01 00:00:00.000000538,0.01210287443267788,-0.02506408430646545,0.011527377521613813
1970-01-01 00:00:00.000000539,0.002989536621823552,0.01869704937189609,0.014245014245014342
1970-01-01 00:00:00.000000540,0.0,0.016633209062231202,-0.002808988764045006
1970-01-01 00:00:00.000000541,-0.005961251862891204,0.01100141043723557,-0.0028169014084505895
1970-01-01 00:00:00.000000542,0.014992503748125774,0.0022321428571427937,-0.008474576271186529
1970-01-01 00:00:00.000000543,0.005908419497784312,-0.00027839643652571855,0.01139601139601143
1970-01-01 00:00:00.000000544,-0.005873715124816492,-0.013645224171539794,-0.008450704225352101
1970-01-01 00:00:00.000000545,0.005908419497784312,-0.006211180124223614,-0.0028409090909091717
1970-01-01 00:00:00.000000546,-0.001468428781204123,-0.0019886363636363313,-0.008547008547008517
1970-01-01 00:00:00.000000547,0.0014705882352941124,0.0008539709649870719,-0.002873563218390718
1970-01-01 00:00:00.000000548,-0.004405286343612258,-0.014220705346985163,-0.008645533141210415
1970-01-01 00:00:00.000000549,-0.016224188790560534,0.031736872475476074,-0.005813953488372103
1970-01-01 00:00:00.000000550,0.02398800599700146,-0.004474272930648726,0.01754385964912286
1970-01-01 00:00:00.000000551,-0.004392386530014725,0.011516853932584281,-0.008620689655172376
1970-01-01 00:00:00.000000552,0.010294117647058787,-0.0013885031935572112,0.020289855072463725
1970-01-01 00:00:00.000000553,-0.0014556040756913413,-0.013070077864293594,0.008522727272727293
1970-01-01 00:00:00.000000554,0.001457725947521915,0.01324316708932094,-0.008450704225352101
1970-01-01 00:00:00.000000555,-0.00727802037845704,-0.008898776418242549,-0.008522727272727182
1970-01-01 00:00:00.000000556,0.007331378299120228,0.0008417508417508657,-0.008595988538682042
1970-01-01 00:00:00.000000557,0.0029112081513826826,0.01401738155312593,0.0028901734104047616
1970-01-01 00:00:00.000000558,0.007256894049346929,0.013823610727121904,0.0028818443804032867
1970-01-01 00:00:00.000000559,0.0014409221902016434,0.003272429779110908,-0.008620689655172376
1970-01-01 00:00:00.000000560,0.0,0.00027181299266110237,0.008695652173912993
1970-01-01 00:00:00.000000561,0.037410071942445944,-0.004619565217391153,-0.008620689655172376
1970-01-01 00:00:00.000000562,0.01941747572815533,-0.004368004368004441,-0.005797101449275366
1970-01-01 00:00:00.000000563,-0.004081632653061162,-0.0035645736221551205,-0.005830903790087438
1970-01-01 00:00:00.000000564,-0.002732240437158584,0.0005503577325260967,-0.0058651026392961825
1970-01-01 00:00:00.000000565,0.0,-0.0052255225522551685,0.002949852507374562
1970-01-01 00:00:00.000000566,0.017808219178082174,-0.0013823610727122793,0.00588235294117645
1970-01-01 00:00:00.000000567,0.0026917900403768957,-0.0027685492801770017,-0.0029239766081871066
1970-01-01 00:00:00.000000568,-0.00939597315436247,-0.014714047751249293,-0.0029325513196482023
1970-01-01 00:00:00.000000569,0.0013550135501354532,-0.014933784164553376,-0.002941176470588225
1970-01-01 00:00:00.000000570,0.016238159675236785,0.017734553775743622,0.005899705014749346
1970-01-01 00:00:00.000000571,0.017310252996005415,0.011242270938729648,0.014662756598240456
1970-01-01 00:00:00.000000572,0.01963350785340312,-0.015286270150083325,0.0028901734104047616
1970-01-01 00:00:00.000000573,0.011553273427471034,0.005644933672029451,0.0057636887608070175
1970-01-01 00:00:00.000000574,0.012690355329949332,-0.01796239124333432,0.008595988538681931
1970-01-01 00:00:00.000000575,0.0,-0.0014289797084882094,-0.008522727272727182
1970-01-01 00:00:00.000000576,-0.010025062656641603,0.0014310246136235438,-0.002865329512894088
1970-01-01 00:00:00.000000577,0.0113924050632912,-0.016861960560160094,0.0
1970-01-01 00:00:00.000000578,0.0,0.0014534883720931369,-0.011494252873563204
1970-01-01 00:00:00.000000579,-0.005006257822277815,-0.00261248185776497,-0.005813953488372103
1970-01-01 00:00:00.000000580,-0.01132075471698113,-0.011059371362048931,-0.005847953216374324
1970-01-01 00:00:00.000000581,-0.006361323155216425,-0.005297233666862855,0.00588235294117645
1970-01-01 00:00:00.000000582,-0.007682458386683688,-0.002366863905325367,-0.014619883040935644
1970-01-01 00:00:00.000000583,0.005161290322580614,0.004151838671411667,0.0
1970-01-01 00:00:00.000000584,-0.0038510911424903815,-0.015357353809804963,-0.0029673590504452063
1970-01-01 00:00:00.000000585,-0.005154639175257714,0.0029994001199757925,-0.008928571428571397
1970-01-01 00:00:00.000000586,0.007772020725388629,0.002093301435406758,0.012012012012011963
1970-01-01 00:00:00.000000587,-0.019280205655527016,-0.01372724559832883,-0.017804154302670683
1970-01-01 00:00:00.000000588,-0.005242463958060273,-0.018154311649016486,0.0030211480362536403
1970-01-01 00:00:00.000000589,0.0026350461133071157,0.005855161787365004,-0.0060240963855421326
1970-01-01 00:00:00.000000590,0.0013140604467805073,0.004289215686274606,0.0
1970-01-01 00:00:00.000000591,-0.005249343832021025,0.017998779743745974,-0.012121212121212088
1970-01-01 00:00:00.000000592,-0.0013192612137202797,-0.011087803416242048,0.006134969325153339
1970-01-01 00:00:00.000000593,0.01585204755614278,-0.02121212121212135,0.0060975609756097615
1970-01-01 00:00:00.000000594,-0.0013003901170351995,-0.01021671826625381,-0.012121212121212088
1970-01-01 00:00:00.000000595,-0.003906249999999889,-0.011260556771973684,0.0
1970-01-01 00:00:00.000000596,-0.002614379084967422,-0.009490667510281603,-0.012269938650306678
1970-01-01 00:00:00.000000597,0.006553079947575258,0.009262216544235091,0.0031055900621117516
1970-01-01 00:00:00.000000598,0.0013020833333334814,-0.009810126582278533,0.01238390092879249
1970-01-01 00:00:00.000000599,0.0,0.007670182166826578,0.006116207951070374
1970-01-01 00:00:00.000000600,0.0013003901170349774,0.010466222645099776,0.006079027355623046
1970-01-01 00:00:00.000000601,0.006493506493506551,0.0034526051475203268,0.0060422960725075026
1970-01-01 00:00:00.000000602,0.029677419354838808,0.02721301219893668,0.01501501501501501
1970-01-01 00:00:00.000000603,0.0,-0.01735688185140072,-0.002958579881656709
1970-01-01 00:00:00.000000604,-0.0025062656641604564,-0.0024790827393865733,0.0
1970-01-01 00:00:00.000000605,-0.018844221105527637,-0.01397949673811738,-0.005934718100890191
1970-01-01 00:00:00.000000606,0.010243277848911658,0.0412728418399495,0.005970149253731405
1970-01-01 00:00:00.000000607,0.025348542458808687,0.005143721633888099,0.0029673590504450953
1970-01-01 00:00:00.000000608,0.004944375772558907,0.017760385310054305,0.00591715976331364
1970-01-01 00:00:00.000000609,-0.009840098400983988,0.001183081928423535,0.0
1970-01-01 00:00:00.000000610,0.02857142857142847,-0.004135893648449018,0.014705882352941346
1970-01-01 00:00:00.000000611,0.0036231884057973396,0.0038564224265797975,0.008695652173912993
1970-01-01 00:00:00.000000612,-0.002406738868832914,0.015661938534278885,0.00287356321839094
1970-01-01 00:00:00.000000613,0.02050663449939716,-0.002909514111143263,0.008595988538681931
1970-01-01 00:00:00.000000614,0.005910165484633412,0.01984242777939893,0.0
1970-01-01 00:00:00.000000615,-0.004700352526439411,0.0020028612303291116,-0.0028409090909091717
1970-01-01 00:00:00.000000616,-0.016528925619834767,-0.014848657909765972,-0.008547008547008517
1970-01-01 00:00:00.000000617,0.0012004801920768582,-0.010144927536231974,-0.005747126436781658
1970-01-01 00:00:00.000000618,-0.004796163069544224,0.013177159590044063,-0.020231213872832332
1970-01-01 00:00:00.000000619,-0.0036144578313254128,-0.005202312138728349,-0.029498525073746285
1970-01-01 00:00:00.000000620,-0.022974607013301007,-0.0322486926205694,-0.006079027355623157
1970-01-01 00:00:00.000000621,0.024752475247524774,-0.00300210147102975,0.021406727828746197
1970-01-01 00:00:00.000000622,-0.016908212560386326,0.021680216802167918,-0.017964071856287456
1970-01-01 00:00:00.000000623,0.0012285012285011554,-0.005010315355142958,0.0030487804878049918
1970-01-01 00:00:00.000000624,0.020858895705521352,-0.0023696682464454666,-0.003039513677811634
1970-01-01 00:00:00.000000625,-0.012019230769230727,0.011579572446555941,-0.0030487804878047697
1970-01-01 00:00:00.000000626,-0.010948905109488982,0.00029351335485761076,-0.012232415902140636
1970-01-01 00:00:00.000000627,-0.015990159901599132,-0.009096244131455267,-0.003095975232198067
1970-01-01 00:00:00.000000628,0.008750000000000036,-0.0032573289902282365,-0.006211180124223614
1970-01-01 00:00:00.000000629,0.0074349442379182396,-0.008912655971479388,-0.006249999999999978
1970-01-01 00:00:00.000000630,0.01845018450184477,-0.00299760191846532,0.0
1970-01-01 00:00:00.000000631,0.006038647342995196,-0.0018039687312084718,-0.009433962264151052
1970-01-01 00:00:00.000000632,0.0012004801920768582,-0.011746987951807286,0.006349206349206327
1970-01-01 00:00:00.000000633,-0.0023980815347721673,0.02407802499238043,-0.006309148264984188
1970-01-01 00:00:00.000000634,0.019230769230769162,-0.006547619047619024,0.012698412698412653
1970-01-01 00:00:00.000000635,0.01297169811320753,-0.012881965248651928,0.006269592476489061
1970-01-01 00:00:00.000000636,0.0186263096623982,-0.0015174506828529166,0.012461059190031154
1970-01-01 00:00:00.000000637,-0.011428571428571344,-0.0009118541033434902,-0.009230769230769154
1970-01-01 00:00:00.000000638,0.005780346820809079,-0.02160024338302402,-0.0031055900621118626
1970-01-01 00:00:00.000000639,0.0045977011494253706,0.00839552238805985,0.006230529595015577
1970-01-01 00:00:00.000000640,0.0,0.0003083564600678823,-0.003095975232198067
1970-01-01 00:00:00.000000641,-0.013729977116704872,-0.01263871763255231,0.006211180124223503
1970-01-01 00:00:00.000000642,0.0,-0.005307524196066282,-0.0030864197530865445
1970-01-01 00:00:00.000000643,-0.006960556844547439,0.005335844318895111,-0.003095975232198067
1970-01-01 00:00:00.000000644,-0.030373831775700855,0.01498595067124553,-0.018633540372670843
1970-01-01 00:00:00.000000645,-0.014457831325301318,-0.026760996616425614,0.0031645569620253333
1970-01-01 00:00:00.000000646,-0.004889975550122161,0.004108723135271886,0.015772870662460692
1970-01-01 00:00:00.000000647,-0.01597051597051602,-0.0015738117721121325,-0.015527950310559091
1970-01-01 00:00:00.000000648,0.008739076154806513,0.007250945775535866,-0.003154574132492094
1970-01-01 00:00:00.000000649,0.0,-0.003755868544600971,0.0
1970-01-01 00:00:00.000000650,0.012376237623762387,-0.018221803330191633,0.0
1970-01-01 00:00:00.000000651,-0.006112469437652646,-0.01312000000000002,-0.03164556962025322
1970-01-01 00:00:00.000000652,0.014760147601475815,-0.006485084306095956,0.0032679738562091387
1970-01-01 00:00:00.000000653,-0.029090909090909167,-0.005221932114882533,-0.013029315960912058
1970-01-01 00:00:00.000000654,0.02621722846441954,-0.0059055118110236116,0.01980198019801982
1970-01-01 00:00:00.000000655,-0.014598540145985495,-0.017821782178217838,-0.006472491909385147
1970-01-01 00:00:00.000000656,-0.0024691358024691024,0.021505376344086002,0.019543973941368087
1970-01-01 00:00:00.000000657,0.023514851485148425,0.0036184210526317706,0.009584664536741228
1970-01-01 00:00:00.000000658,-0.0012091898428052694,0.0006555227794164953,0.0031645569620253333
1970-01-01 00:00:00.000000659,0.014527845036319764,0.040615787749754384,0.02208201892744488
1970-01-01 00:00:00.000000660,0.05250596658711215,0.006924771797293117,0.01851851851851838
1970-01-01 00:00:00.000000661,0.04421768707483009,0.04188809002813376,0.024242424242424176
1970-01-01 00:00:00.000000662,0.036916395222584164,0.05430543054305437,0.038461538461538325
1970-01-01 00:00:00.000000663,0.003141361256544517,0.07598178713716575,0.002849002849002913
1970-01-01 00:00:00.000000664,0.02609603340292277,0.013224014810896634,0.05681818181818188
1970-01-01 00:00:00.000000665,0.03662258392675488,-0.08822761681023239,0.026881720430107503
1970-01-01 00:00:00.000000666,-0.055937193326791035,0.011451474377325965,-0.0706806282722513
1970-01-01 00:00:00.000000667,0.04054054054054057,-0.01754882536088298,0.033802816901408406
1970-01-01 00:00:00.000000668,-0.014985014985015033,-0.004897723998847692,-0.019073569482288777
1970-01-01 00:00:00.000000669,0.023326572008113722,-0.014765489287782207,0.019444444444444375
1970-01-01 00:00:00.000000670,-0.013875123885034757,-0.009109609168380883,-0.016348773841961872
1970-01-01 00:00:00.000000671,0.009045226130653283,-0.009786476868327343,0.013850415512465464
1970-01-01 00:00:00.000000672,-0.01195219123505964,0.025756214435459723,-0.016393442622950838
1970-01-01 00:00:00.000000673,-0.007056451612903247,0.005255474452554809,0.005555555555555536
1970-01-01 00:00:00.000000674,0.0010152284263960087,0.0031948881789136685,0.0
1970-01-01 00:00:00.000000675,-0.0030425963488842633,0.014475969889982565,-0.002762430939226568
1970-01-01 00:00:00.000000676,0.0050864699898272026,-0.014554794520547865,0.0
1970-01-01 00:00:00.000000677,-0.004048582995951455,0.006660874601795541,0.0027700831024930483
1970-01-01 00:00:00.000000678,-0.0060975609756097615,0.009781357882623798,-0.0055248618784530246
1970-01-01 00:00:00.000000679,-0.002044989775051076,-0.011111111111111072,-0.002777777777777879
1970-01-01 00:00:00.000000680,-0.006147540983606592,-0.00028810141169688386,-0.00835654596100277
1970-01-01 00:00:00.000000681,-0.005154639175257603,-0.008357348703170175,-0.005617977528089901
1970-01-01 00:00:00.000000682,-0.01036269430051806,-0.0011624527753559821,-0.011299435028248594
1970-01-01 00:00:00.000000683,0.010471204188481575,0.004946173988943814,0.0028571428571428914
1970-01-01 00:00:00.000000684,0.005181347150258864,0.01823972206137814,0.008547008547008517
1970-01-01 00:00:00.000000685,0.006185567010309256,-0.0005686664771112904,0.011299435028248705
1970-01-01 00:00:00.000000686,-0.010245901639344246,0.029587482219061156,0.0
1970-01-01 00:00:00.000000687,0.0331262939958592,-0.006631666206134201,0.022346368715083775
1970-01-01 00:00:00.000000688,-0.022044088176352727,0.0016689847009734304,-0.005464480874316946
1970-01-01 00:00:00.000000689,-0.03381147540983609,-0.006664815329075147,0.0
1970-01-01 00:00:00.000000690,-0.005302226935312682,0.0016773832820797807,-0.01098901098901095
1970-01-01 00:00:00.000000691,-0.0031982942430704986,-0.010884733463577989,0.011111111111111072
1970-01-01 00:00:00.000000692,0.002139037433155133,0.007900677200902928,-0.008241758241758323
1970-01-01 00:00:00.000000693,-0.011739594450373425,-0.003079507278835325,0.0
1970-01-01 00:00:00.000000694,0.030237580993520474,-0.0061780398764391675,0.07479224376731297
1970-01-01 00:00:00.000000695,-0.004192872117400381,0.0016953941791466587,0.02577319587628879
1970-01-01 00:00:00.000000696,-0.008421052631578996,-0.005359661495063617,-0.022613065326633097
1970-01-01 00:00:00.000000697,0.0010615711252652815,-0.02807714123652849,-0.01799485861182526
1970-01-01 00:00:00.000000698,-0.024390243902439046,-0.01079661511526131,-0.028795811518324554
1970-01-01 00:00:00.000000699,-0.015217391304347738,0.002949852507374784,0.0026954177897575704
1970-01-01 00:00:00.000000700,-0.002207505518763919,0.007058823529411784,0.010752688172043001
1970-01-01 00:00:00.000000701,0.012168141592920456,0.0008761682242990343,0.005319148936170137
1970-01-01 00:00:00.000000702,0.0010928961748633004,0.0026262036766850905,-0.002645502645502562
1970-01-01 00:00:00.000000703,0.0021834061135370675,0.022409778812572778,0.0053050397877985045
1970-01-01 00:00:00.000000704,0.0032679738562093608,-0.00056931397665827,0.005277044854881341
1970-01-01 00:00:00.000000705,0.017372421281215855,-0.016804329250925565,0.015748031496062964
1970-01-01 00:00:00.000000706,0.009605122732123883,-0.002027809965237548,0.0025839793281652312
1970-01-01 00:00:00.000000707,-0.010570824524313016,0.014804063860667682,-0.0077319587628865705
1970-01-01 00:00:00.000000708,0.005341880341880323,0.00028604118993125205,0.010389610389610393
1970-01-01 00:00:00.000000709,-0.0031880977683315104,0.0017157563625964656,0.0025706940874035134
1970-01-01 00:00:00.000000710,0.013859275053304865,0.0068512703397087815,0.00512820512820511
1970-01-01 00:00:00.000000711,-0.01682439537329128,0.008789339381910732,-0.007653061224489721
1970-01-01 00:00:00.000000712,0.019251336898395754,-0.01180438448566612,0.01799485861182526
1970-01-01 00:00:00.000000713,-0.015739769150052263,-0.011660978384527731,-0.017676767676767624
1970-01-01 00:00:00.000000714,-0.002132196162047073,-0.009496402877697818,0.0025706940874035134
1970-01-01 00:00:00.000000715,-0.01175213675213671,-0.0031958163858222255,-0.012820512820512775
1970-01-01 00:00:00.000000716,0.00108108108108107,-0.01165840862722256,0.01298701298701288
1970-01-01 00:00:00.000000717,-0.001079913606911398,0.0014744913005013682,-0.01025641025641022
1970-01-01 00:00:00.000000718,0.005405405405405572,0.004711425206124664,0.0
1970-01-01 00:00:00.000000719,0.03655913978494629,0.012895662368112681,0.010362694300518172
1970-01-01 00:00:00.000000720,0.01970954356846466,0.005208333333333259,0.007692307692307665
1970-01-01 00:00:00.000000721,0.02238046795523907,-0.009499136442141731,0.0025445292620864812
1970-01-01 00:00:00.000000722,-0.0009950248756220859,0.007846556233653157,-0.0076142131979695105
1970-01-01 00:00:00.000000723,0.0019920318725101804,-0.01211072664359869,0.005115089514066584
1970-01-01 00:00:00.000000724,0.00994035785288272,-0.018972562755399824,0.020356234096692072
1970-01-01 00:00:00.000000725,-0.0167322834645669,-0.02469503124070216,-0.014962593516209433
1970-01-01 00:00:00.000000726,-0.016016016016015988,-0.006101281269066616,-0.027848101265822822
1970-01-01 00:00:00.000000727,-0.007121057985757906,0.0,-0.0026041666666666297
1970-01-01 00:00:00.000000728,0.009221311475409832,-0.0027624309392264568,0.005221932114882533
1970-01-01 00:00:00.000000729,0.012182741116751439,-0.004001231148045625,0.010389610389610393
1970-01-01 00:00:00.000000730,0.0030090270812437314,-0.006489493201483287,-0.005141388174807249
1970-01-01 00:00:00.000000731,-0.010999999999999899,-0.009020217729393432,-0.01033591731266148
1970-01-01 00:00:00.000000732,-0.006066734074823055,0.0009416195856875031,-0.007832898172323799
1970-01-01 00:00:00.000000733,-0.012207527975584886,0.024772656005017213,-0.010526315789473717
1970-01-01 00:00:00.000000734,0.015447991761070812,0.00397796817625462,0.02393617021276606
1970-01-01 00:00:00.000000735,0.005070993914807476,-0.004266991770801587,0.0025974025974024872
1970-01-01 00:00:00.000000736,0.0,0.0,0.002590673575129543
1970-01-01 00:00:00.000000737,0.006054490413723634,-0.003060912151821249,-0.007751937984496138
1970-01-01 00:00:00.000000738,0.009027081243731194,0.003070310101320306,0.013020833333333481
1970-01-01 00:00:00.000000739,0.0,0.003979185797367446,0.005141388174807249
1970-01-01 00:00:00.000000740,-0.03280318091451295,-0.0024390243902439046,-0.01278772378516635
1970-01-01 00:00:00.000000741,0.02877697841726623,0.002750611246943979,0.02849740932642497
1970-01-01 00:00:00.000000742,0.006993006993007089,-0.005181347150259086,-0.010075566750629705
1970-01-01 00:00:00.000000743,0.025793650793650702,-0.004595588235294046,0.010178117048346147
1970-01-01 00:00:00.000000744,-0.023210831721470093,0.0033856571252692813,-0.012594458438287215
1970-01-01 00:00:00.000000745,0.001980198019801982,0.005214723926380449,0.0
1970-01-01 00:00:00.000000746,-0.007905138339920903,0.005492828806835437,0.005102040816326481
1970-01-01 00:00:00.000000747,-0.006972111553784743,-0.013353566009104867,0.0076142131979695105
1970-01-01 00:00:00.000000748,0.0030090270812437314,0.0003075976622579635,0.0
1970-01-01 00:00:00.000000749,0.010000000000000009,-0.0009225092250922939,0.0025188916876572875
1970-01-01 00:00:00.000000750,-0.008910891089108919,-0.000615574022776344,0.002512562814070307
1970-01-01 00:00:00.000000751,0.00899100899100902,-0.0027717893440097896,0.0025062656641603454
1970-01-01 00:00:00.000000752,-0.012871287128712772,-0.009264978381717248,0.0024999999999999467
1970-01-01 00:00:00.000000753,0.02206619859578729,-0.0015586034912716817,0.007481296758104827
1970-01-01 00:00:00.000000754,-0.0058881256133462845,0.0,-0.012376237623762387
1970-01-01 00:00:00.000000755,-0.0049358341559724295,0.005307524196066282,-0.0025062656641604564
1970-01-01 00:00:00.000000756,-0.008928571428571397,0.003726708074534013,-0.007537688442211032
1970-01-01 00:00:00.000000757,-0.00800800800800805,-0.011138613861386149,-0.0025316455696202667
1970-01-01 00:00:00.000000758,-0.011099899091826404,0.0015644555694618312,-0.0025380710659898
1970-01-01 00:00:00.000000759,0.008163265306122547,0.00874726647922519,0.0025445292620864812
1970-01-01 00:00:00.000000760,0.006072874493926905,-0.009600495509445639,0.002538071065989911
1970-01-01 00:00:00.000000761,-0.007042253521126751,-0.0034396497811132187,-0.0025316455696202667
1970-01-01 00:00:00.000000762,-0.0020263424518742745,0.0006275494195167042,0.0076142131979695105
1970-01-01 00:00:00.000000763,-0.0050761421319796,-0.004390090937598012,0.0
1970-01-01 00:00:00.000000764,0.015306122448979442,0.002834645669291369,0.012594458438287104
1970-01-01 00:00:00.000000765,-0.012060301507537563,-0.005025125628140725,-0.01492537313432829
1970-01-01 00:00:00.000000766,0.0010172939979653517,-0.0015782828282828731,-0.002525252525252486
1970-01-01 00:00:00.000000767,-0.004065040650406471,0.0025292443882389826,-0.005063291139240533
1970-01-01 00:00:00.000000768,0.0020408163265306367,-0.0028382213812677692,0.0025445292620864812
1970-01-01 00:00:00.000000769,0.0,-0.0034788108791903305,-0.0025380710659898
1970-01-01 00:00:00.000000770,0.010183299389002087,0.014281180577594421,0.0025445292620864812
1970-01-01 00:00:00.000000771,0.019153225806451513,0.0065707133917396465,0.010152284263959421
1970-01-01 00:00:00.000000772,0.017804154302670572,-0.000932545850170996,0.0
1970-01-01 00:00:00.000000773,0.0038872691933917736,-0.0028002489110143802,-0.002512562814070307
1970-01-01 00:00:00.000000774,0.0009680542110357404,-0.002496099843993682,0.0025188916876572875
1970-01-01 00:00:00.000000775,0.0009671179883945502,-0.003440725680325274,-0.005025125628140725
1970-01-01 00:00:00.000000776,-0.018357487922705307,0.003138731952291307,-0.010101010101010055
1970-01-01 00:00:00.000000777,0.013779527559055094,0.011889862327910006,-0.0025510204081632404
1970-01-01 00:00:00.000000778,0.0,-0.005256648113791007,0.0
1970-01-01 00:00:00.000000779,-0.013592233009708798,0.0003108486167235913,-0.010230179028132946
1970-01-01 00:00:00.000000780,0.007874015748031482,-0.005904288377874489,0.0
1970-01-01 00:00:00.000000781,-0.010742187499999889,-0.005314160675210955,-0.0051679586563307955
1970-01-01 00:00:00.000000782,-0.000987166831194597,0.00817096165933373,-0.03116883116883118
1970-01-01 00:00:00.000000783,-0.006916996047430679,-0.006234413965087282,0.013404825737265424
1970-01-01 00:00:00.000000784,0.00995024875621886,-0.00031367628607270603,0.015873015873015817
1970-01-01 00:00:00.000000785,0.0019704433497536034,-0.05334170065892685,-0.00520833333333337
1970-01-01 00:00:00.000000786,-0.0786627335299902,0.031819688432217275,-0.04712041884816742
1970-01-01 00:00:00.000000787,0.05656350053361803,0.048506264053967296,0.0219780219780219
1970-01-01 00:00:00.000000788,-0.018181818181818188,-0.0042892156862744946,0.005376344086021501
1970-01-01 00:00:00.000000789,-0.0010288065843621075,-0.011076923076923095,-0.005347593582887722
1970-01-01 00:00:00.000000790,0.006179196704428236,-0.000311138767890462,0.024193548387096753
1970-01-01 00:00:00.000000791,0.011258955987717645,-0.014316837846249597,-0.007874015748031593
1970-01-01 00:00:00.000000792,0.028340080971659853,0.016103568045468863,0.015873015873015817
1970-01-01 00:00:00.000000793,0.012795275590551158,0.007768800497203188,0.0026041666666667407
1970-01-01 00:00:00.000000794,0.013605442176870763,-0.01295097132284928,0.0
1970-01-01 00:00:00.000000795,0.0057526366251199335,-0.0037488284910964786,0.0
1970-01-01 00:00:00.000000796,-0.02192564346997139,-0.002822201317027262,-0.010389610389610393
1970-01-01 00:00:00.000000797,0.012670565302144388,-0.007232704402515777,0.007874015748031482
1970-01-01 00:00:00.000000798,-0.002887391722810495,0.0003167564143173873,-0.01041666666666663
1970-01-01 00:00:00.000000799,0.005791505791505891,0.005383153894870318,0.0
1970-01-01 00:00:00.000000800,-0.013435700575815779,-0.0025196850393700565,-0.0052631578947368585
1970-01-01 00:00:00.000000801,0.013618677042801508,-0.003157562361856714,0.007936507936507908
1970-01-01 00:00:00.000000802,0.008637236084452882,0.0006335128286347746,-0.002624671916010568
1970-01-01 00:00:00.000000803,0.012369172216936342,0.0047483380816712994,0.0026315789473685403
1970-01-01 00:00:00.000000804,0.018796992481203034,0.002835538752362865,-0.002624671916010568
1970-01-01 00:00:00.000000805,0.01845018450184499,-0.0006283380458687038,0.018421052631579116
1970-01-01 00:00:00.000000806,0.02264492753623193,-0.007544797233574263,0.0051679586563306845
1970-01-01 00:00:00.000000807,0.01417183348095663,0.0053848590433955845,0.007712082262210762
1970-01-01 00:00:00.000000808,-0.006986899563318771,0.0,-0.0025510204081632404
1970-01-01 00:00:00.000000809,0.030782761653474155,0.00945179584120992,0.010230179028132946
1970-01-01 00:00:00.000000810,0.0059726962457336,0.0012484394506866447,0.017721518987341645
1970-01-01 00:00:00.000000811,0.01187446988973706,-0.0015586034912716817,-0.01243781094527352
1970-01-01 00:00:00.000000812,-0.01592623637887669,0.0037464876678112713,-0.005037783375314908
1970-01-01 00:00:00.000000813,-0.0076660988074956915,0.0,-0.0025316455696202667
1970-01-01 00:00:00.000000814,0.022317596566523656,0.0009331259720062324,0.0050761421319796
1970-01-01 00:00:00.000000815,0.0,0.002796768178993325,0.005050505050504972
1970-01-01 00:00:00.000000816,0.012594458438287104,-0.012085528354508934,0.010050251256281229
1970-01-01 00:00:00.000000817,-0.01575456053068003,0.005018820577164407,-0.00995024875621886
1970-01-01 00:00:00.000000818,-0.01432181971356361,0.00031210986267149465,0.010050251256281229
1970-01-01 00:00:00.000000819,0.011111111111111072,0.0012480499219971186,0.017412935323383172
1970-01-01 00:00:00.000000820,0.002535925612848544,-0.0021813649111872557,0.0024449877750609694
1970-01-01 00:00:00.000000821,-0.004215851602023535,-0.005309181761399162,0.004878048780487809
1970-01-01 00:00:00.000000822,0.013547840812870415,0.00439560439560438,0.009708737864077666
1970-01-01 00:00:00.000000823,0.01670843776106934,0.00031259768677727173,0.03125
1970-01-01 00:00:00.000000824,-0.012325390304026351,-0.0012499999999999734,0.004662004662004504
1970-01-01 00:00:00.000000825,-0.004991680532445808,-0.0028160200250312295,-0.011600928074245953
1970-01-01 00:00:00.000000826,0.0,0.005334170065892652,0.007042253521126751
1970-01-01 00:00:00.000000827,-0.0008361204013379586,-0.005305867665418185,0.023310023310023187
1970-01-01 00:00:00.000000828,0.004184100418409997,0.012237213680577286,0.029612756264236983
1970-01-01 00:00:00.000000829,-0.0008333333333333526,-0.00836949783013019,0.0022123893805310324
1970-01-01 00:00:00.000000830,0.008340283569641338,-0.013129102844638862,0.015452538631346435
1970-01-01 00:00:00.000000831,-0.009098428453267138,-0.005068102629078197,-0.006521739130434634
1970-01-01 00:00:00.000000832,0.019198664440734703,-0.00382043935052534,0.006564551422319376
1970-01-01 00:00:00.000000833,-0.003276003276003303,-0.007350591243208693,-0.017391304347826098
1970-01-01 00:00:00.000000834,0.01889893179950697,-0.00740502253702513,0.004424778761062065
1970-01-01 00:00:00.000000835,-0.0024193548387098085,0.0016217969510217145,-0.013215859030836885
1970-01-01 00:00:00.000000836,0.021827000808407604,-0.0029145077720207357,0.024553571428571397
1970-01-01 00:00:00.000000837,0.02215189873417711,0.012666450146151309,0.002178649237472685
1970-01-01 00:00:00.000000838,0.0,0.0038486209108403724,-0.0021739130434782483
1970-01-01 00:00:00.000000839,0.010835913312693624,-0.000958466453674145,0.006535947712418277
1970-01-01 00:00:00.000000840,0.012251148545176171,0.0,0.01298701298701288
1970-01-01 00:00:00.000000841,-0.005295007564296572,0.0,-0.02136752136752129
1970-01-01 00:00:00.000000842,0.02433460076045635,-0.005116725295810642,-0.0065502183406114245
1970-01-01 00:00:00.000000843,0.021529324424647278,-0.0019286403085824189,0.01978021978021971
1970-01-01 00:00:00.000000844,0.0014534883720929148,0.0032206119162641045,0.02155172413793105
1970-01-01 00:00:00.000000845,-0.0014513788098693414,-0.002568218298555358,0.0
1970-01-01 00:00:00.000000846,0.02834302325581395,-0.0028966849050531263,0.02742616033755274
1970-01-01 00:00:00.000000847,0.001413427561837377,0.0035506778566816166,0.03490759753593431
1970-01-01 00:00:00.000000848,-0.025405786873676783,0.0032164683177871023,0.001984126984126977
1970-01-01 00:00:00.000000849,-0.00434467776973213,0.0012824623276690428,0.0
1970-01-01 00:00:00.000000850,0.0021818181818180626,-0.0009606147934678733,0.05148514851485153
1970-01-01 00:00:00.000000851,-0.028301886792452713,0.004166666666666652,-0.026365348399246646
1970-01-01 00:00:00.000000852,0.02240477968633292,-0.0031918289179698744,0.005802707930367523
1970-01-01 00:00:00.000000853,-0.01241782322863405,0.0019212295869355245,-0.00576923076923086
1970-01-01 00:00:00.000000854,-0.002958579881656709,0.0012783636944710963,0.0
1970-01-01 00:00:00.000000855,-0.0029673590504452063,0.009575486753909956,0.013539651837524147
1970-01-01 00:00:00.000000856,0.0014880952380953438,0.0012646221941194913,0.005725190839694472
1970-01-01 00:00:00.000000857,0.0014858841010401136,0.006630880959898944,-0.009487666034155517
1970-01-01 00:00:00.000000858,-0.0185459940652819,0.0006273525721456341,-0.02490421455938696
1970-01-01 00:00:00.000000859,0.0075585789871503994,0.025078369905956244,-0.003929273084479323
1970-01-01 00:00:00.000000860,-0.02025506376594144,-0.014067278287461793,-0.02564102564102566
1970-01-01 00:00:00.000000861,0.0007656967840734552,-0.0009305210918114648,-0.010121457489878694
1970-01-01 00:00:00.000000862,0.0007651109410864443,-0.005588326606643879,-0.002044989775051076
1970-01-01 00:00:00.000000863,-0.022171253822630077,0.0037464876678112713,-0.020491803278688492
1970-01-01 00:00:00.000000864,0.0070367474589523304,-0.014930015552099385,0.0
1970-01-01 00:00:00.000000865,-0.005434782608695676,-0.00126302494474273,-0.008368200836820106
1970-01-01 00:00:00.000000866,0.00858704137392663,-0.000948466645589563,0.002109704641350074
1970-01-01 00:00:00.000000867,0.016253869969040213,0.007278481012658045,0.006315789473684275
1970-01-01 00:00:00.000000868,0.04722010662604714,-0.00345585925227776,0.023012552301255207
1970-01-01 00:00:00.000000869,0.00290909090909075,0.0012610340479193294,-0.014314928425357754
1970-01-01 00:00:00.000000870,0.010152284263959421,-0.0018891687657431877,-0.0020746887966806016
1970-01-01 00:00:00.000000871,0.017229002153625217,-0.0003154574132491206,0.0
1970-01-01 00:00:00.000000872,-0.013408609738884913,-0.001893341748185673,-0.014553014553014387
1970-01-01 00:00:00.000000873,-0.006437768240343367,-0.0003161555485298173,0.00843881856540074
1970-01-01 00:00:00.000000874,-0.004319654427645814,0.000948766603415585,-0.014644351464435212
1970-01-01 00:00:00.000000875,0.002892263195950706,-0.0018957345971563067,-0.006369426751592355
1970-01-01 00:00:00.000000876,-0.020187454938716654,0.0022158911047800434,-0.02777777777777779
1970-01-01 00:00:00.000000877,0.003679175864606421,0.0,0.00219780219780219
1970-01-01 00:00:00.000000878,0.003665689149560114,0.013265950726468745,-0.004385964912280604
1970-01-01 00:00:00.000000879,0.002191380569759094,0.005610972568578454,0.004405286343612147
1970-01-01 00:00:00.000000880,0.004373177842565523,0.00092994420334791,0.010964912280701844
1970-01-01 00:00:00.000000881,0.011611030478954953,0.008671415298854068,-0.006507592190889477
1970-01-01 00:00:00.000000882,0.0064562410329984665,0.011053116364752924,0.01091703056768556
1970-01-01 00:00:00.000000883,0.0,-0.01882781658062549,-0.010799136069114423
1970-01-01 00:00:00.000000884,-0.019957234497505305,0.003714020427112219,-0.02401746724890841
1970-01-01 00:00:00.000000885,0.008000000000000007,-0.00986740672217079,0.015659955257270708
1970-01-01 00:00:00.000000886,-0.016594516594516495,0.001245717844908123,-0.017621145374449365
1970-01-01 00:00:00.000000887,-0.010271460014673606,-0.005909797822705953,-0.020179372197309364
1970-01-01 00:00:00.000000888,0.01779095626389915,-0.006883604505632079,0.011441647597253857
1970-01-01 00:00:00.000000889,0.0036416605972322547,-0.006931316950220534,-0.011312217194570096
1970-01-01 00:00:00.000000890,-0.0007256894049346707,0.006027918781726038,-0.006864988558352492
1970-01-01 00:00:00.000000891,-0.005809731299927345,0.020182907600126088,-0.0023041474654377225
1970-01-01 00:00:00.000000892,-0.008035062089116085,-0.005564142194744992,-0.013856812933025542
1970-01-01 00:00:00.000000893,0.032400589101619914,-0.006838669567920452,0.004683840749414525
1970-01-01 00:00:00.000000894,-0.003566333808844413,0.00250391236306724,0.0
1970-01-01 00:00:00.000000895,0.010737294201861092,-0.004995316890415213,0.006993006993007089
1970-01-01 00:00:00.000000896,-0.03682719546742208,0.0,-0.01851851851851849
1970-01-01 00:00:00.000000897,-0.012499999999999956,-0.0006275494195168152,-0.011792452830188593
1970-01-01 00:00:00.000000898,-0.02010424422933732,0.010361067503924515,-0.014319809069212486
1970-01-01 00:00:00.000000899,-0.015197568389057725,-0.013983840894965849,-0.009685230024213065
1970-01-01 00:00:00.000000900,-0.01620370370370372,0.011345729593444709,-0.014669926650366705
1970-01-01 00:00:00.000000901,0.004705882352941115,-0.007790588968526135,0.004962779156327368
1970-01-01 00:00:00.000000902,-0.021077283372365474,-0.005339195979899403,-0.0024691358024691024
1970-01-01 00:00:00.000000903,-0.0071770334928229484,0.001578781180928246,0.012376237623762387
1970-01-01 00:00:00.000000904,-0.01847389558232926,-0.006305170239596425,-0.0024449877750610804
1970-01-01 00:00:00.000000905,0.017184942716857554,-0.002220812182741172,-0.004901960784313819
1970-01-01 00:00:00.000000906,-0.014481094127111849,0.007313195548489748,-0.0024630541871920597
1970-01-01 00:00:00.000000907,-0.015510204081632617,0.0,-0.00987654320987652
1970-01-01 00:00:00.000000908,-0.013266998341625258,0.0018939393939394478,-0.007481296758104716
1970-01-01 00:00:00.000000909,-0.008403361344537785,-0.002205419029615574,-0.007537688442211032
1970-01-01 00:00:00.000000910,0.003389830508474523,-0.011367224502684015,0.0
1970-01-01 00:00:00.000000911,0.05658783783783794,0.002235707441711865,0.0025316455696202667
1970-01-01 00:00:00.000000912,0.02078337330135893,0.009241555130656609,0.015151515151515138
1970-01-01 00:00:00.000000913,0.03132341425215346,-0.002210293653299611,0.0024875621890549926
1970-01-01 00:00:00.000000914,0.011389521640091216,-0.008860759493670933,0.007444168734491052
1970-01-01 00:00:00.000000915,0.0,0.0035121328224776427,-0.01231527093596052
1970-01-01 00:00:00.000000916,-0.024774774774774744,-0.0009545020680878924,0.012468827930174564
1970-01-01 00:00:00.000000917,0.0,-0.004140127388534975,-0.009852216748768461
1970-01-01 00:00:00.000000918,0.003079291762894565,0.0035177486408697334,0.007462686567164312
1970-01-01 00:00:00.000000919,-0.004604758250191798,-0.0003186743148501092,0.02716049382716057
1970-01-01 00:00:00.000000920,0.0007710100231301809,0.0,-0.009615384615384581
1970-01-01 00:00:00.000000921,-0.0007704160246533309,0.004144086707045025,-0.00728155339805836
1970-01-01 00:00:00.000000922,-0.044718581341557484,0.0031746031746031633,-0.014669926650366705
1970-01-01 00:00:00.000000923,-0.04681194511702991,0.0022151898734177333,-0.01488833746898266
1970-01-01 00:00:00.000000924,-0.014394580863674844,0.019576886643511093,-0.005037783375314908
1970-01-01 00:00:00.000000925,-0.012886597938144395,-0.0015484670176524329,-0.010126582278481067
1970-01-01 00:00:00.000000926,-0.006962576153176636,-0.004962779156327701,0.01534526854219953
1970-01-01 00:00:00.000000927,0.018404907975460016,0.0052992518703243174,0.02015113350125941
1970-01-01 00:00:00.000000928,0.020654044750430423,-0.006821705426356517,-0.004938271604938205
1970-01-01 00:00:00.000000929,-0.01686340640809436,0.0062441461130189335,0.0
1970-01-01 00:00:00.000000930,0.0034305317324183626,0.03195780328886144,0.0
1970-01-01 00:00:00.000000931,-0.0008547008547008517,0.008117859290438956,0.002481389578163684
1970-01-01 00:00:00.000000932,-0.0017108639863130382,0.012824336415150572,0.0
1970-01-01 00:00:00.000000933,0.0008568980291345785,0.017373380447585296,0.0024752475247524774
1970-01-01 00:00:00.000000934,-0.001712328767123239,-0.009261939218523918,-0.0024691358024691024
1970-01-01 00:00:00.000000935,-0.0034305317324185847,-0.018697049371895758,0.004950495049504955
1970-01-01 00:00:00.000000936,-0.02151462994836484,-0.013396844298898536,0.009852216748768461
1970-01-01 00:00:00.000000937,0.0070360598065084545,-0.015087507543753764,-0.009756097560975618
1970-01-01 00:00:00.000000938,0.009606986899563408,-0.0018382352941177516,0.007389162561576512
1970-01-01 00:00:00.000000939,0.012110726643598468,-0.017495395948434633,0.02689486552567244
1970-01-01 00:00:00.000000940,-0.01538461538461533,-0.014682911590128023,-0.021428571428571352
1970-01-01 00:00:00.000000941,0.0008680555555555802,0.0003170577045021883,-0.012165450121654708
1970-01-01 00:00:00.000000942,0.006938421509106618,0.00602218700475432,0.017241379310344973
1970-01-01 00:00:00.000000943,-0.011197243755383224,-0.003150598613736566,-0.007263922518159882
1970-01-01 00:00:00.000000944,0.012195121951219301,0.0006321112515803584,0.007317073170731714
1970-01-01 00:00:00.000000945,-0.012048192771084265,0.0072646873025901115,-0.009685230024213065
1970-01-01 00:00:00.000000946,0.00522648083623678,-0.0018814675446848783,0.014669926650366927
1970-01-01 00:00:00.000000947,-0.0077989601386481144,0.005969211435752575,-0.0072289156626507145
1970-01-01 00:00:00.000000948,-0.013100436681222627,-0.004059962523422889,-0.01456310679611661
1970-01-01 00:00:00.000000949,-0.004424778761062065,-0.002508623392913245,-0.007389162561576179
1970-01-01 00:00:00.000000950,0.000888888888888939,0.010688462747563632,-0.004962779156327701
1970-01-01 00:00:00.000000951,0.011545293072824148,-0.009642301710730883,-0.0024937655860348684
1970-01-01 00:00:00.000000952,-0.006145741878841093,0.017273869346733584,-0.007499999999999951
1970-01-01 00:00:00.000000953,-0.0035335689045937757,-0.011732016054337824,-0.010075566750629705
1970-01-01 00:00:00.000000954,0.014184397163120588,-0.030927835051546393,-0.0050890585241730735
1970-01-01 00:00:00.000000955,0.014860139860139787,-0.008704061895551285,-0.002557544757033292
1970-01-01 00:00:00.000000956,0.004306632213608941,-0.0006504065040650042,0.002564102564102555
1970-01-01 00:00:00.000000957,-0.009433962264150941,0.005857468272046917,-0.005115089514066473
1970-01-01 00:00:00.000000958,-0.0008658008658010141,0.07117437722419928,0.005141388174807249
1970-01-01 00:00:00.000000959,0.020797227036395194,0.013893083660525551,0.005115089514066584
1970-01-01 00:00:00.000000960,-0.007640067911714787,-0.0038725052129878756,-0.0050890585241730735
1970-01-01 00:00:00.000000961,-0.004277159965782595,-0.007177033492822837,-0.007672634271099765
1970-01-01 00:00:00.000000962,0.01632302405498276,0.013554216867469826,-0.012886597938144284
1970-01-01 00:00:00.000000963,-0.0016906170752324368,0.0038632986627042953,-0.0026109660574412663
1970-01-01 00:00:00.000000964,-0.003386960203217715,-0.011841326228537508,0.010471204188481575
1970-01-01 00:00:00.000000965,-0.004248088360237823,0.0002995805871779389,0.0
1970-01-01 00:00:00.000000966,0.03839590443686003,-0.017969451931716174,0.0
1970-01-01 00:00:00.000000967,0.018077239112571863,-0.0009149130832570851,-0.007772020725388518
1970-01-01 00:00:00.000000968,0.004035512510088601,0.0,0.0
